clutter,snr_db,trial,detector,peak_snr_db,num_targets,num_detections,tp,fp,fn
clutter_off,-50.0,0,cfar_numpy_go,10.114,1,7,0,7,1
clutter_off,-50.0,0,cfar_advanced_go,10.114,1,0,0,0,1
clutter_off,-50.0,0,cfar_custom_datasetv8,10.114,1,0,0,0,1
clutter_off,-50.0,1,cfar_numpy_go,8.618,1,4,0,4,1
clutter_off,-50.0,1,cfar_advanced_go,8.618,1,0,0,0,1
clutter_off,-50.0,1,cfar_custom_datasetv8,8.618,1,0,0,0,1
clutter_off,-50.0,2,cfar_numpy_go,8.474,1,9,0,9,1
clutter_off,-50.0,2,cfar_advanced_go,8.474,1,0,0,0,1
clutter_off,-50.0,2,cfar_custom_datasetv8,8.474,1,0,0,0,1
clutter_off,-50.0,3,cfar_numpy_go,8.798,1,5,0,5,1
clutter_off,-50.0,3,cfar_advanced_go,8.798,1,0,0,0,1
clutter_off,-50.0,3,cfar_custom_datasetv8,8.798,1,0,0,0,1
clutter_off,-50.0,4,cfar_numpy_go,10.324,1,7,0,7,1
clutter_off,-50.0,4,cfar_advanced_go,10.324,1,0,0,0,1
clutter_off,-50.0,4,cfar_custom_datasetv8,10.324,1,0,0,0,1
clutter_off,-50.0,5,cfar_numpy_go,8.951,1,6,0,6,1
clutter_off,-50.0,5,cfar_advanced_go,8.951,1,0,0,0,1
clutter_off,-50.0,5,cfar_custom_datasetv8,8.951,1,0,0,0,1
clutter_off,-50.0,6,cfar_numpy_go,8.973,1,1,0,1,1
clutter_off,-50.0,6,cfar_advanced_go,8.973,1,0,0,0,1
clutter_off,-50.0,6,cfar_custom_datasetv8,8.973,1,0,0,0,1
clutter_off,-50.0,7,cfar_numpy_go,8.688,1,7,0,7,1
clutter_off,-50.0,7,cfar_advanced_go,8.688,1,0,0,0,1
clutter_off,-50.0,7,cfar_custom_datasetv8,8.688,1,0,0,0,1
clutter_off,-50.0,8,cfar_numpy_go,9.712,1,6,0,6,1
clutter_off,-50.0,8,cfar_advanced_go,9.712,1,0,0,0,1
clutter_off,-50.0,8,cfar_custom_datasetv8,9.712,1,0,0,0,1
clutter_off,-50.0,9,cfar_numpy_go,9.841,1,3,0,3,1
clutter_off,-50.0,9,cfar_advanced_go,9.841,1,0,0,0,1
clutter_off,-50.0,9,cfar_custom_datasetv8,9.841,1,0,0,0,1
clutter_off,-50.0,10,cfar_numpy_go,10.764,1,5,0,5,1
clutter_off,-50.0,10,cfar_advanced_go,10.764,1,0,0,0,1
clutter_off,-50.0,10,cfar_custom_datasetv8,10.764,1,0,0,0,1
clutter_off,-50.0,11,cfar_numpy_go,7.731,1,3,0,3,1
clutter_off,-50.0,11,cfar_advanced_go,7.731,1,0,0,0,1
clutter_off,-50.0,11,cfar_custom_datasetv8,7.731,1,0,0,0,1
clutter_off,-50.0,12,cfar_numpy_go,9.75,1,7,0,7,1
clutter_off,-50.0,12,cfar_advanced_go,9.75,1,0,0,0,1
clutter_off,-50.0,12,cfar_custom_datasetv8,9.75,1,0,0,0,1
clutter_off,-50.0,13,cfar_numpy_go,8.772,1,8,0,8,1
clutter_off,-50.0,13,cfar_advanced_go,8.772,1,0,0,0,1
clutter_off,-50.0,13,cfar_custom_datasetv8,8.772,1,0,0,0,1
clutter_off,-50.0,14,cfar_numpy_go,9.316,1,1,0,1,1
clutter_off,-50.0,14,cfar_advanced_go,9.316,1,0,0,0,1
clutter_off,-50.0,14,cfar_custom_datasetv8,9.316,1,0,0,0,1
clutter_off,-50.0,15,cfar_numpy_go,7.711,1,6,0,6,1
clutter_off,-50.0,15,cfar_advanced_go,7.711,1,0,0,0,1
clutter_off,-50.0,15,cfar_custom_datasetv8,7.711,1,0,0,0,1
clutter_off,-45.0,0,cfar_numpy_go,11.995,1,7,0,7,1
clutter_off,-45.0,0,cfar_advanced_go,11.995,1,0,0,0,1
clutter_off,-45.0,0,cfar_custom_datasetv8,11.995,1,0,0,0,1
clutter_off,-45.0,1,cfar_numpy_go,8.961,1,3,0,3,1
clutter_off,-45.0,1,cfar_advanced_go,8.961,1,0,0,0,1
clutter_off,-45.0,1,cfar_custom_datasetv8,8.961,1,0,0,0,1
clutter_off,-45.0,2,cfar_numpy_go,9.281,1,4,0,4,1
clutter_off,-45.0,2,cfar_advanced_go,9.281,1,0,0,0,1
clutter_off,-45.0,2,cfar_custom_datasetv8,9.281,1,0,0,0,1
clutter_off,-45.0,3,cfar_numpy_go,9.021,1,5,0,5,1
clutter_off,-45.0,3,cfar_advanced_go,9.021,1,0,0,0,1
clutter_off,-45.0,3,cfar_custom_datasetv8,9.021,1,0,0,0,1
clutter_off,-45.0,4,cfar_numpy_go,8.314,1,6,0,6,1
clutter_off,-45.0,4,cfar_advanced_go,8.314,1,0,0,0,1
clutter_off,-45.0,4,cfar_custom_datasetv8,8.314,1,0,0,0,1
clutter_off,-45.0,5,cfar_numpy_go,9.011,1,4,0,4,1
clutter_off,-45.0,5,cfar_advanced_go,9.011,1,0,0,0,1
clutter_off,-45.0,5,cfar_custom_datasetv8,9.011,1,0,0,0,1
clutter_off,-45.0,6,cfar_numpy_go,8.781,1,4,0,4,1
clutter_off,-45.0,6,cfar_advanced_go,8.781,1,0,0,0,1
clutter_off,-45.0,6,cfar_custom_datasetv8,8.781,1,0,0,0,1
clutter_off,-45.0,7,cfar_numpy_go,8.956,1,4,0,4,1
clutter_off,-45.0,7,cfar_advanced_go,8.956,1,0,0,0,1
clutter_off,-45.0,7,cfar_custom_datasetv8,8.956,1,0,0,0,1
clutter_off,-45.0,8,cfar_numpy_go,10.803,1,3,0,3,1
clutter_off,-45.0,8,cfar_advanced_go,10.803,1,0,0,0,1
clutter_off,-45.0,8,cfar_custom_datasetv8,10.803,1,0,0,0,1
clutter_off,-45.0,9,cfar_numpy_go,10.193,1,9,0,9,1
clutter_off,-45.0,9,cfar_advanced_go,10.193,1,0,0,0,1
clutter_off,-45.0,9,cfar_custom_datasetv8,10.193,1,0,0,0,1
clutter_off,-45.0,10,cfar_numpy_go,8.581,1,7,0,7,1
clutter_off,-45.0,10,cfar_advanced_go,8.581,1,0,0,0,1
clutter_off,-45.0,10,cfar_custom_datasetv8,8.581,1,0,0,0,1
clutter_off,-45.0,11,cfar_numpy_go,9.01,1,8,0,8,1
clutter_off,-45.0,11,cfar_advanced_go,9.01,1,0,0,0,1
clutter_off,-45.0,11,cfar_custom_datasetv8,9.01,1,0,0,0,1
clutter_off,-45.0,12,cfar_numpy_go,7.993,1,9,0,9,1
clutter_off,-45.0,12,cfar_advanced_go,7.993,1,0,0,0,1
clutter_off,-45.0,12,cfar_custom_datasetv8,7.993,1,0,0,0,1
clutter_off,-45.0,13,cfar_numpy_go,8.412,1,8,0,8,1
clutter_off,-45.0,13,cfar_advanced_go,8.412,1,0,0,0,1
clutter_off,-45.0,13,cfar_custom_datasetv8,8.412,1,0,0,0,1
clutter_off,-45.0,14,cfar_numpy_go,8.991,1,2,0,2,1
clutter_off,-45.0,14,cfar_advanced_go,8.991,1,0,0,0,1
clutter_off,-45.0,14,cfar_custom_datasetv8,8.991,1,0,0,0,1
clutter_off,-45.0,15,cfar_numpy_go,8.984,1,7,0,7,1
clutter_off,-45.0,15,cfar_advanced_go,8.984,1,0,0,0,1
clutter_off,-45.0,15,cfar_custom_datasetv8,8.984,1,0,0,0,1
clutter_off,-40.0,0,cfar_numpy_go,10.326,1,7,0,7,1
clutter_off,-40.0,0,cfar_advanced_go,10.326,1,0,0,0,1
clutter_off,-40.0,0,cfar_custom_datasetv8,10.326,1,0,0,0,1
clutter_off,-40.0,1,cfar_numpy_go,8.872,1,3,0,3,1
clutter_off,-40.0,1,cfar_advanced_go,8.872,1,0,0,0,1
clutter_off,-40.0,1,cfar_custom_datasetv8,8.872,1,0,0,0,1
clutter_off,-40.0,2,cfar_numpy_go,7.892,1,3,0,3,1
clutter_off,-40.0,2,cfar_advanced_go,7.892,1,0,0,0,1
clutter_off,-40.0,2,cfar_custom_datasetv8,7.892,1,0,0,0,1
clutter_off,-40.0,3,cfar_numpy_go,11.491,1,5,0,5,1
clutter_off,-40.0,3,cfar_advanced_go,11.491,1,0,0,0,1
clutter_off,-40.0,3,cfar_custom_datasetv8,11.491,1,0,0,0,1
clutter_off,-40.0,4,cfar_numpy_go,9.255,1,2,0,2,1
clutter_off,-40.0,4,cfar_advanced_go,9.255,1,0,0,0,1
clutter_off,-40.0,4,cfar_custom_datasetv8,9.255,1,0,0,0,1
clutter_off,-40.0,5,cfar_numpy_go,10.301,1,8,0,8,1
clutter_off,-40.0,5,cfar_advanced_go,10.301,1,0,0,0,1
clutter_off,-40.0,5,cfar_custom_datasetv8,10.301,1,0,0,0,1
clutter_off,-40.0,6,cfar_numpy_go,10.617,1,6,0,6,1
clutter_off,-40.0,6,cfar_advanced_go,10.617,1,0,0,0,1
clutter_off,-40.0,6,cfar_custom_datasetv8,10.617,1,0,0,0,1
clutter_off,-40.0,7,cfar_numpy_go,7.525,1,8,0,8,1
clutter_off,-40.0,7,cfar_advanced_go,7.525,1,0,0,0,1
clutter_off,-40.0,7,cfar_custom_datasetv8,7.525,1,0,0,0,1
clutter_off,-40.0,8,cfar_numpy_go,7.87,1,2,0,2,1
clutter_off,-40.0,8,cfar_advanced_go,7.87,1,0,0,0,1
clutter_off,-40.0,8,cfar_custom_datasetv8,7.87,1,0,0,0,1
clutter_off,-40.0,9,cfar_numpy_go,10.063,1,3,0,3,1
clutter_off,-40.0,9,cfar_advanced_go,10.063,1,0,0,0,1
clutter_off,-40.0,9,cfar_custom_datasetv8,10.063,1,0,0,0,1
clutter_off,-40.0,10,cfar_numpy_go,8.765,1,4,0,4,1
clutter_off,-40.0,10,cfar_advanced_go,8.765,1,0,0,0,1
clutter_off,-40.0,10,cfar_custom_datasetv8,8.765,1,0,0,0,1
clutter_off,-40.0,11,cfar_numpy_go,9.766,1,3,0,3,1
clutter_off,-40.0,11,cfar_advanced_go,9.766,1,0,0,0,1
clutter_off,-40.0,11,cfar_custom_datasetv8,9.766,1,0,0,0,1
clutter_off,-40.0,12,cfar_numpy_go,10.231,1,2,0,2,1
clutter_off,-40.0,12,cfar_advanced_go,10.231,1,0,0,0,1
clutter_off,-40.0,12,cfar_custom_datasetv8,10.231,1,0,0,0,1
clutter_off,-40.0,13,cfar_numpy_go,9.833,1,8,0,8,1
clutter_off,-40.0,13,cfar_advanced_go,9.833,1,0,0,0,1
clutter_off,-40.0,13,cfar_custom_datasetv8,9.833,1,0,0,0,1
clutter_off,-40.0,14,cfar_numpy_go,7.884,1,7,0,7,1
clutter_off,-40.0,14,cfar_advanced_go,7.884,1,0,0,0,1
clutter_off,-40.0,14,cfar_custom_datasetv8,7.884,1,0,0,0,1
clutter_off,-40.0,15,cfar_numpy_go,8.269,1,5,0,5,1
clutter_off,-40.0,15,cfar_advanced_go,8.269,1,0,0,0,1
clutter_off,-40.0,15,cfar_custom_datasetv8,8.269,1,0,0,0,1
clutter_off,-35.0,0,cfar_numpy_go,11.366,1,4,1,3,0
clutter_off,-35.0,0,cfar_advanced_go,11.366,1,0,0,0,1
clutter_off,-35.0,0,cfar_custom_datasetv8,11.366,1,0,0,0,1
clutter_off,-35.0,1,cfar_numpy_go,10.678,1,7,0,7,1
clutter_off,-35.0,1,cfar_advanced_go,10.678,1,0,0,0,1
clutter_off,-35.0,1,cfar_custom_datasetv8,10.678,1,0,0,0,1
clutter_off,-35.0,2,cfar_numpy_go,11.526,1,10,1,9,0
clutter_off,-35.0,2,cfar_advanced_go,11.526,1,0,0,0,1
clutter_off,-35.0,2,cfar_custom_datasetv8,11.526,1,0,0,0,1
clutter_off,-35.0,3,cfar_numpy_go,9.748,1,7,0,7,1
clutter_off,-35.0,3,cfar_advanced_go,9.748,1,0,0,0,1
clutter_off,-35.0,3,cfar_custom_datasetv8,9.748,1,0,0,0,1
clutter_off,-35.0,4,cfar_numpy_go,10.559,1,7,0,7,1
clutter_off,-35.0,4,cfar_advanced_go,10.559,1,0,0,0,1
clutter_off,-35.0,4,cfar_custom_datasetv8,10.559,1,0,0,0,1
clutter_off,-35.0,5,cfar_numpy_go,10.367,1,5,0,5,1
clutter_off,-35.0,5,cfar_advanced_go,10.367,1,0,0,0,1
clutter_off,-35.0,5,cfar_custom_datasetv8,10.367,1,0,0,0,1
clutter_off,-35.0,6,cfar_numpy_go,11.038,1,6,0,6,1
clutter_off,-35.0,6,cfar_advanced_go,11.038,1,0,0,0,1
clutter_off,-35.0,6,cfar_custom_datasetv8,11.038,1,0,0,0,1
clutter_off,-35.0,7,cfar_numpy_go,9.708,1,4,0,4,1
clutter_off,-35.0,7,cfar_advanced_go,9.708,1,0,0,0,1
clutter_off,-35.0,7,cfar_custom_datasetv8,9.708,1,0,0,0,1
clutter_off,-35.0,8,cfar_numpy_go,11.326,1,3,0,3,1
clutter_off,-35.0,8,cfar_advanced_go,11.326,1,0,0,0,1
clutter_off,-35.0,8,cfar_custom_datasetv8,11.326,1,0,0,0,1
clutter_off,-35.0,9,cfar_numpy_go,9.91,1,5,0,5,1
clutter_off,-35.0,9,cfar_advanced_go,9.91,1,0,0,0,1
clutter_off,-35.0,9,cfar_custom_datasetv8,9.91,1,0,0,0,1
clutter_off,-35.0,10,cfar_numpy_go,14.518,1,9,1,8,0
clutter_off,-35.0,10,cfar_advanced_go,14.518,1,0,0,0,1
clutter_off,-35.0,10,cfar_custom_datasetv8,14.518,1,1,1,0,0
clutter_off,-35.0,11,cfar_numpy_go,10.022,1,7,0,7,1
clutter_off,-35.0,11,cfar_advanced_go,10.022,1,0,0,0,1
clutter_off,-35.0,11,cfar_custom_datasetv8,10.022,1,0,0,0,1
clutter_off,-35.0,12,cfar_numpy_go,12.896,1,7,1,6,0
clutter_off,-35.0,12,cfar_advanced_go,12.896,1,0,0,0,1
clutter_off,-35.0,12,cfar_custom_datasetv8,12.896,1,0,0,0,1
clutter_off,-35.0,13,cfar_numpy_go,12.258,1,5,1,4,0
clutter_off,-35.0,13,cfar_advanced_go,12.258,1,0,0,0,1
clutter_off,-35.0,13,cfar_custom_datasetv8,12.258,1,0,0,0,1
clutter_off,-35.0,14,cfar_numpy_go,11.315,1,4,1,3,0
clutter_off,-35.0,14,cfar_advanced_go,11.315,1,0,0,0,1
clutter_off,-35.0,14,cfar_custom_datasetv8,11.315,1,0,0,0,1
clutter_off,-35.0,15,cfar_numpy_go,12.423,1,5,1,4,0
clutter_off,-35.0,15,cfar_advanced_go,12.423,1,0,0,0,1
clutter_off,-35.0,15,cfar_custom_datasetv8,12.423,1,0,0,0,1
clutter_off,-30.0,0,cfar_numpy_go,15.404,1,8,1,7,0
clutter_off,-30.0,0,cfar_advanced_go,15.404,1,0,0,0,1
clutter_off,-30.0,0,cfar_custom_datasetv8,15.404,1,1,1,0,0
clutter_off,-30.0,1,cfar_numpy_go,16.113,1,9,1,8,0
clutter_off,-30.0,1,cfar_advanced_go,16.113,1,0,0,0,1
clutter_off,-30.0,1,cfar_custom_datasetv8,16.113,1,1,1,0,0
clutter_off,-30.0,2,cfar_numpy_go,16.105,1,6,1,5,0
clutter_off,-30.0,2,cfar_advanced_go,16.105,1,0,0,0,1
clutter_off,-30.0,2,cfar_custom_datasetv8,16.105,1,1,1,0,0
clutter_off,-30.0,3,cfar_numpy_go,14.847,1,4,1,3,0
clutter_off,-30.0,3,cfar_advanced_go,14.847,1,0,0,0,1
clutter_off,-30.0,3,cfar_custom_datasetv8,14.847,1,1,1,0,0
clutter_off,-30.0,4,cfar_numpy_go,16.654,1,8,1,7,0
clutter_off,-30.0,4,cfar_advanced_go,16.654,1,0,0,0,1
clutter_off,-30.0,4,cfar_custom_datasetv8,16.654,1,1,1,0,0
clutter_off,-30.0,5,cfar_numpy_go,14.514,1,7,1,6,0
clutter_off,-30.0,5,cfar_advanced_go,14.514,1,0,0,0,1
clutter_off,-30.0,5,cfar_custom_datasetv8,14.514,1,1,1,0,0
clutter_off,-30.0,6,cfar_numpy_go,15.531,1,5,1,4,0
clutter_off,-30.0,6,cfar_advanced_go,15.531,1,0,0,0,1
clutter_off,-30.0,6,cfar_custom_datasetv8,15.531,1,1,1,0,0
clutter_off,-30.0,7,cfar_numpy_go,15.967,1,10,1,9,0
clutter_off,-30.0,7,cfar_advanced_go,15.967,1,0,0,0,1
clutter_off,-30.0,7,cfar_custom_datasetv8,15.967,1,1,1,0,0
clutter_off,-30.0,8,cfar_numpy_go,15.858,1,6,1,5,0
clutter_off,-30.0,8,cfar_advanced_go,15.858,1,0,0,0,1
clutter_off,-30.0,8,cfar_custom_datasetv8,15.858,1,1,1,0,0
clutter_off,-30.0,9,cfar_numpy_go,16.665,1,6,1,5,0
clutter_off,-30.0,9,cfar_advanced_go,16.665,1,0,0,0,1
clutter_off,-30.0,9,cfar_custom_datasetv8,16.665,1,1,1,0,0
clutter_off,-30.0,10,cfar_numpy_go,15.538,1,5,1,4,0
clutter_off,-30.0,10,cfar_advanced_go,15.538,1,0,0,0,1
clutter_off,-30.0,10,cfar_custom_datasetv8,15.538,1,1,1,0,0
clutter_off,-30.0,11,cfar_numpy_go,17.803,1,3,1,2,0
clutter_off,-30.0,11,cfar_advanced_go,17.803,1,0,0,0,1
clutter_off,-30.0,11,cfar_custom_datasetv8,17.803,1,1,1,0,0
clutter_off,-30.0,12,cfar_numpy_go,15.815,1,7,1,6,0
clutter_off,-30.0,12,cfar_advanced_go,15.815,1,0,0,0,1
clutter_off,-30.0,12,cfar_custom_datasetv8,15.815,1,1,1,0,0
clutter_off,-30.0,13,cfar_numpy_go,17.037,1,9,1,8,0
clutter_off,-30.0,13,cfar_advanced_go,17.037,1,0,0,0,1
clutter_off,-30.0,13,cfar_custom_datasetv8,17.037,1,1,1,0,0
clutter_off,-30.0,14,cfar_numpy_go,16.047,1,4,1,3,0
clutter_off,-30.0,14,cfar_advanced_go,16.047,1,0,0,0,1
clutter_off,-30.0,14,cfar_custom_datasetv8,16.047,1,1,1,0,0
clutter_off,-30.0,15,cfar_numpy_go,13.911,1,8,1,7,0
clutter_off,-30.0,15,cfar_advanced_go,13.911,1,0,0,0,1
clutter_off,-30.0,15,cfar_custom_datasetv8,13.911,1,0,0,0,1
clutter_off,-25.0,0,cfar_numpy_go,21.13,1,5,1,4,0
clutter_off,-25.0,0,cfar_advanced_go,21.13,1,1,1,0,0
clutter_off,-25.0,0,cfar_custom_datasetv8,21.13,1,1,1,0,0
clutter_off,-25.0,1,cfar_numpy_go,20.792,1,3,1,2,0
clutter_off,-25.0,1,cfar_advanced_go,20.792,1,1,1,0,0
clutter_off,-25.0,1,cfar_custom_datasetv8,20.792,1,1,1,0,0
clutter_off,-25.0,2,cfar_numpy_go,19.749,1,6,1,5,0
clutter_off,-25.0,2,cfar_advanced_go,19.749,1,1,1,0,0
clutter_off,-25.0,2,cfar_custom_datasetv8,19.749,1,1,1,0,0
clutter_off,-25.0,3,cfar_numpy_go,20.704,1,6,1,5,0
clutter_off,-25.0,3,cfar_advanced_go,20.704,1,1,1,0,0
clutter_off,-25.0,3,cfar_custom_datasetv8,20.704,1,1,1,0,0
clutter_off,-25.0,4,cfar_numpy_go,20.913,1,12,1,11,0
clutter_off,-25.0,4,cfar_advanced_go,20.913,1,1,1,0,0
clutter_off,-25.0,4,cfar_custom_datasetv8,20.913,1,1,1,0,0
clutter_off,-25.0,5,cfar_numpy_go,19.373,1,10,1,9,0
clutter_off,-25.0,5,cfar_advanced_go,19.373,1,1,1,0,0
clutter_off,-25.0,5,cfar_custom_datasetv8,19.373,1,1,1,0,0
clutter_off,-25.0,6,cfar_numpy_go,20.401,1,6,1,5,0
clutter_off,-25.0,6,cfar_advanced_go,20.401,1,1,1,0,0
clutter_off,-25.0,6,cfar_custom_datasetv8,20.401,1,1,1,0,0
clutter_off,-25.0,7,cfar_numpy_go,21.346,1,6,1,5,0
clutter_off,-25.0,7,cfar_advanced_go,21.346,1,1,1,0,0
clutter_off,-25.0,7,cfar_custom_datasetv8,21.346,1,1,1,0,0
clutter_off,-25.0,8,cfar_numpy_go,20.524,1,6,1,5,0
clutter_off,-25.0,8,cfar_advanced_go,20.524,1,1,1,0,0
clutter_off,-25.0,8,cfar_custom_datasetv8,20.524,1,1,1,0,0
clutter_off,-25.0,9,cfar_numpy_go,19.497,1,5,1,4,0
clutter_off,-25.0,9,cfar_advanced_go,19.497,1,1,1,0,0
clutter_off,-25.0,9,cfar_custom_datasetv8,19.497,1,1,1,0,0
clutter_off,-25.0,10,cfar_numpy_go,21.238,1,10,1,9,0
clutter_off,-25.0,10,cfar_advanced_go,21.238,1,1,1,0,0
clutter_off,-25.0,10,cfar_custom_datasetv8,21.238,1,1,1,0,0
clutter_off,-25.0,11,cfar_numpy_go,21.596,1,7,1,6,0
clutter_off,-25.0,11,cfar_advanced_go,21.596,1,1,1,0,0
clutter_off,-25.0,11,cfar_custom_datasetv8,21.596,1,1,1,0,0
clutter_off,-25.0,12,cfar_numpy_go,20.972,1,9,1,8,0
clutter_off,-25.0,12,cfar_advanced_go,20.972,1,1,1,0,0
clutter_off,-25.0,12,cfar_custom_datasetv8,20.972,1,1,1,0,0
clutter_off,-25.0,13,cfar_numpy_go,21.314,1,6,1,5,0
clutter_off,-25.0,13,cfar_advanced_go,21.314,1,1,1,0,0
clutter_off,-25.0,13,cfar_custom_datasetv8,21.314,1,1,1,0,0
clutter_off,-25.0,14,cfar_numpy_go,20.191,1,6,1,5,0
clutter_off,-25.0,14,cfar_advanced_go,20.191,1,1,1,0,0
clutter_off,-25.0,14,cfar_custom_datasetv8,20.191,1,1,1,0,0
clutter_off,-25.0,15,cfar_numpy_go,20.416,1,6,1,5,0
clutter_off,-25.0,15,cfar_advanced_go,20.416,1,0,0,0,1
clutter_off,-25.0,15,cfar_custom_datasetv8,20.416,1,1,1,0,0
clutter_off,-20.0,0,cfar_numpy_go,24.472,1,8,1,7,0
clutter_off,-20.0,0,cfar_advanced_go,24.472,1,1,1,0,0
clutter_off,-20.0,0,cfar_custom_datasetv8,24.472,1,1,1,0,0
clutter_off,-20.0,1,cfar_numpy_go,26.163,1,6,1,5,0
clutter_off,-20.0,1,cfar_advanced_go,26.163,1,1,1,0,0
clutter_off,-20.0,1,cfar_custom_datasetv8,26.163,1,1,1,0,0
clutter_off,-20.0,2,cfar_numpy_go,24.92,1,6,1,5,0
clutter_off,-20.0,2,cfar_advanced_go,24.92,1,1,1,0,0
clutter_off,-20.0,2,cfar_custom_datasetv8,24.92,1,1,1,0,0
clutter_off,-20.0,3,cfar_numpy_go,25.688,1,8,1,7,0
clutter_off,-20.0,3,cfar_advanced_go,25.688,1,1,1,0,0
clutter_off,-20.0,3,cfar_custom_datasetv8,25.688,1,1,1,0,0
clutter_off,-20.0,4,cfar_numpy_go,25.821,1,6,1,5,0
clutter_off,-20.0,4,cfar_advanced_go,25.821,1,1,1,0,0
clutter_off,-20.0,4,cfar_custom_datasetv8,25.821,1,1,1,0,0
clutter_off,-20.0,5,cfar_numpy_go,25.742,1,7,1,6,0
clutter_off,-20.0,5,cfar_advanced_go,25.742,1,1,1,0,0
clutter_off,-20.0,5,cfar_custom_datasetv8,25.742,1,1,1,0,0
clutter_off,-20.0,6,cfar_numpy_go,25.605,1,4,1,3,0
clutter_off,-20.0,6,cfar_advanced_go,25.605,1,1,1,0,0
clutter_off,-20.0,6,cfar_custom_datasetv8,25.605,1,1,1,0,0
clutter_off,-20.0,7,cfar_numpy_go,26.146,1,5,1,4,0
clutter_off,-20.0,7,cfar_advanced_go,26.146,1,1,1,0,0
clutter_off,-20.0,7,cfar_custom_datasetv8,26.146,1,1,1,0,0
clutter_off,-20.0,8,cfar_numpy_go,25.853,1,4,1,3,0
clutter_off,-20.0,8,cfar_advanced_go,25.853,1,1,1,0,0
clutter_off,-20.0,8,cfar_custom_datasetv8,25.853,1,1,1,0,0
clutter_off,-20.0,9,cfar_numpy_go,25.502,1,5,1,4,0
clutter_off,-20.0,9,cfar_advanced_go,25.502,1,1,1,0,0
clutter_off,-20.0,9,cfar_custom_datasetv8,25.502,1,1,1,0,0
clutter_off,-20.0,10,cfar_numpy_go,25.14,1,6,1,5,0
clutter_off,-20.0,10,cfar_advanced_go,25.14,1,1,1,0,0
clutter_off,-20.0,10,cfar_custom_datasetv8,25.14,1,1,1,0,0
clutter_off,-20.0,11,cfar_numpy_go,25.744,1,10,1,9,0
clutter_off,-20.0,11,cfar_advanced_go,25.744,1,1,1,0,0
clutter_off,-20.0,11,cfar_custom_datasetv8,25.744,1,1,1,0,0
clutter_off,-20.0,12,cfar_numpy_go,24.929,1,5,1,4,0
clutter_off,-20.0,12,cfar_advanced_go,24.929,1,1,1,0,0
clutter_off,-20.0,12,cfar_custom_datasetv8,24.929,1,1,1,0,0
clutter_off,-20.0,13,cfar_numpy_go,25.285,1,5,1,4,0
clutter_off,-20.0,13,cfar_advanced_go,25.285,1,1,1,0,0
clutter_off,-20.0,13,cfar_custom_datasetv8,25.285,1,1,1,0,0
clutter_off,-20.0,14,cfar_numpy_go,24.414,1,6,1,5,0
clutter_off,-20.0,14,cfar_advanced_go,24.414,1,1,1,0,0
clutter_off,-20.0,14,cfar_custom_datasetv8,24.414,1,1,1,0,0
clutter_off,-20.0,15,cfar_numpy_go,25.257,1,3,1,2,0
clutter_off,-20.0,15,cfar_advanced_go,25.257,1,1,1,0,0
clutter_off,-20.0,15,cfar_custom_datasetv8,25.257,1,1,1,0,0
clutter_off,-15.0,0,cfar_numpy_go,29.954,1,6,1,5,0
clutter_off,-15.0,0,cfar_advanced_go,29.954,1,1,1,0,0
clutter_off,-15.0,0,cfar_custom_datasetv8,29.954,1,1,1,0,0
clutter_off,-15.0,1,cfar_numpy_go,30.635,1,5,1,4,0
clutter_off,-15.0,1,cfar_advanced_go,30.635,1,1,1,0,0
clutter_off,-15.0,1,cfar_custom_datasetv8,30.635,1,1,1,0,0
clutter_off,-15.0,2,cfar_numpy_go,30.501,1,6,1,5,0
clutter_off,-15.0,2,cfar_advanced_go,30.501,1,1,1,0,0
clutter_off,-15.0,2,cfar_custom_datasetv8,30.501,1,1,1,0,0
clutter_off,-15.0,3,cfar_numpy_go,30.659,1,7,1,6,0
clutter_off,-15.0,3,cfar_advanced_go,30.659,1,1,1,0,0
clutter_off,-15.0,3,cfar_custom_datasetv8,30.659,1,1,1,0,0
clutter_off,-15.0,4,cfar_numpy_go,31.305,1,10,1,9,0
clutter_off,-15.0,4,cfar_advanced_go,31.305,1,1,1,0,0
clutter_off,-15.0,4,cfar_custom_datasetv8,31.305,1,1,1,0,0
clutter_off,-15.0,5,cfar_numpy_go,30.541,1,9,1,8,0
clutter_off,-15.0,5,cfar_advanced_go,30.541,1,1,1,0,0
clutter_off,-15.0,5,cfar_custom_datasetv8,30.541,1,1,1,0,0
clutter_off,-15.0,6,cfar_numpy_go,30.57,1,6,1,5,0
clutter_off,-15.0,6,cfar_advanced_go,30.57,1,1,1,0,0
clutter_off,-15.0,6,cfar_custom_datasetv8,30.57,1,1,1,0,0
clutter_off,-15.0,7,cfar_numpy_go,31.184,1,6,1,5,0
clutter_off,-15.0,7,cfar_advanced_go,31.184,1,1,1,0,0
clutter_off,-15.0,7,cfar_custom_datasetv8,31.184,1,1,1,0,0
clutter_off,-15.0,8,cfar_numpy_go,31.2,1,6,1,5,0
clutter_off,-15.0,8,cfar_advanced_go,31.2,1,1,1,0,0
clutter_off,-15.0,8,cfar_custom_datasetv8,31.2,1,1,1,0,0
clutter_off,-15.0,9,cfar_numpy_go,30.526,1,6,1,5,0
clutter_off,-15.0,9,cfar_advanced_go,30.526,1,1,1,0,0
clutter_off,-15.0,9,cfar_custom_datasetv8,30.526,1,1,1,0,0
clutter_off,-15.0,10,cfar_numpy_go,31.037,1,6,1,5,0
clutter_off,-15.0,10,cfar_advanced_go,31.037,1,1,1,0,0
clutter_off,-15.0,10,cfar_custom_datasetv8,31.037,1,1,1,0,0
clutter_off,-15.0,11,cfar_numpy_go,30.911,1,2,1,1,0
clutter_off,-15.0,11,cfar_advanced_go,30.911,1,1,1,0,0
clutter_off,-15.0,11,cfar_custom_datasetv8,30.911,1,1,1,0,0
clutter_off,-15.0,12,cfar_numpy_go,29.578,1,8,1,7,0
clutter_off,-15.0,12,cfar_advanced_go,29.578,1,1,1,0,0
clutter_off,-15.0,12,cfar_custom_datasetv8,29.578,1,1,1,0,0
clutter_off,-15.0,13,cfar_numpy_go,30.792,1,2,1,1,0
clutter_off,-15.0,13,cfar_advanced_go,30.792,1,1,1,0,0
clutter_off,-15.0,13,cfar_custom_datasetv8,30.792,1,1,1,0,0
clutter_off,-15.0,14,cfar_numpy_go,30.367,1,6,1,5,0
clutter_off,-15.0,14,cfar_advanced_go,30.367,1,1,1,0,0
clutter_off,-15.0,14,cfar_custom_datasetv8,30.367,1,1,1,0,0
clutter_off,-15.0,15,cfar_numpy_go,30.089,1,4,1,3,0
clutter_off,-15.0,15,cfar_advanced_go,30.089,1,1,1,0,0
clutter_off,-15.0,15,cfar_custom_datasetv8,30.089,1,1,1,0,0
clutter_default,-50.0,0,cfar_numpy_go,10.114,1,7,0,7,1
clutter_default,-50.0,0,cfar_advanced_go,10.114,1,0,0,0,1
clutter_default,-50.0,0,cfar_custom_datasetv8,10.114,1,0,0,0,1
clutter_default,-50.0,1,cfar_numpy_go,8.618,1,4,0,4,1
clutter_default,-50.0,1,cfar_advanced_go,8.618,1,0,0,0,1
clutter_default,-50.0,1,cfar_custom_datasetv8,8.618,1,0,0,0,1
clutter_default,-50.0,2,cfar_numpy_go,8.474,1,9,0,9,1
clutter_default,-50.0,2,cfar_advanced_go,8.474,1,0,0,0,1
clutter_default,-50.0,2,cfar_custom_datasetv8,8.474,1,0,0,0,1
clutter_default,-50.0,3,cfar_numpy_go,8.798,1,5,0,5,1
clutter_default,-50.0,3,cfar_advanced_go,8.798,1,0,0,0,1
clutter_default,-50.0,3,cfar_custom_datasetv8,8.798,1,0,0,0,1
clutter_default,-50.0,4,cfar_numpy_go,10.323,1,7,0,7,1
clutter_default,-50.0,4,cfar_advanced_go,10.323,1,0,0,0,1
clutter_default,-50.0,4,cfar_custom_datasetv8,10.323,1,0,0,0,1
clutter_default,-50.0,5,cfar_numpy_go,8.951,1,6,0,6,1
clutter_default,-50.0,5,cfar_advanced_go,8.951,1,0,0,0,1
clutter_default,-50.0,5,cfar_custom_datasetv8,8.951,1,0,0,0,1
clutter_default,-50.0,6,cfar_numpy_go,8.973,1,1,0,1,1
clutter_default,-50.0,6,cfar_advanced_go,8.973,1,0,0,0,1
clutter_default,-50.0,6,cfar_custom_datasetv8,8.973,1,0,0,0,1
clutter_default,-50.0,7,cfar_numpy_go,8.688,1,7,0,7,1
clutter_default,-50.0,7,cfar_advanced_go,8.688,1,0,0,0,1
clutter_default,-50.0,7,cfar_custom_datasetv8,8.688,1,0,0,0,1
clutter_default,-50.0,8,cfar_numpy_go,9.712,1,6,0,6,1
clutter_default,-50.0,8,cfar_advanced_go,9.712,1,0,0,0,1
clutter_default,-50.0,8,cfar_custom_datasetv8,9.712,1,0,0,0,1
clutter_default,-50.0,9,cfar_numpy_go,9.824,1,3,0,3,1
clutter_default,-50.0,9,cfar_advanced_go,9.824,1,0,0,0,1
clutter_default,-50.0,9,cfar_custom_datasetv8,9.824,1,0,0,0,1
clutter_default,-50.0,10,cfar_numpy_go,10.764,1,5,0,5,1
clutter_default,-50.0,10,cfar_advanced_go,10.764,1,0,0,0,1
clutter_default,-50.0,10,cfar_custom_datasetv8,10.764,1,0,0,0,1
clutter_default,-50.0,11,cfar_numpy_go,7.731,1,3,0,3,1
clutter_default,-50.0,11,cfar_advanced_go,7.731,1,0,0,0,1
clutter_default,-50.0,11,cfar_custom_datasetv8,7.731,1,0,0,0,1
clutter_default,-50.0,12,cfar_numpy_go,9.75,1,7,0,7,1
clutter_default,-50.0,12,cfar_advanced_go,9.75,1,0,0,0,1
clutter_default,-50.0,12,cfar_custom_datasetv8,9.75,1,0,0,0,1
clutter_default,-50.0,13,cfar_numpy_go,8.772,1,8,0,8,1
clutter_default,-50.0,13,cfar_advanced_go,8.772,1,0,0,0,1
clutter_default,-50.0,13,cfar_custom_datasetv8,8.772,1,0,0,0,1
clutter_default,-50.0,14,cfar_numpy_go,9.316,1,1,0,1,1
clutter_default,-50.0,14,cfar_advanced_go,9.316,1,0,0,0,1
clutter_default,-50.0,14,cfar_custom_datasetv8,9.316,1,0,0,0,1
clutter_default,-50.0,15,cfar_numpy_go,7.711,1,6,0,6,1
clutter_default,-50.0,15,cfar_advanced_go,7.711,1,0,0,0,1
clutter_default,-50.0,15,cfar_custom_datasetv8,7.711,1,0,0,0,1
clutter_default,-45.0,0,cfar_numpy_go,11.995,1,7,0,7,1
clutter_default,-45.0,0,cfar_advanced_go,11.995,1,0,0,0,1
clutter_default,-45.0,0,cfar_custom_datasetv8,11.995,1,0,0,0,1
clutter_default,-45.0,1,cfar_numpy_go,8.961,1,3,0,3,1
clutter_default,-45.0,1,cfar_advanced_go,8.961,1,0,0,0,1
clutter_default,-45.0,1,cfar_custom_datasetv8,8.961,1,0,0,0,1
clutter_default,-45.0,2,cfar_numpy_go,9.281,1,4,0,4,1
clutter_default,-45.0,2,cfar_advanced_go,9.281,1,0,0,0,1
clutter_default,-45.0,2,cfar_custom_datasetv8,9.281,1,0,0,0,1
clutter_default,-45.0,3,cfar_numpy_go,9.021,1,5,0,5,1
clutter_default,-45.0,3,cfar_advanced_go,9.021,1,0,0,0,1
clutter_default,-45.0,3,cfar_custom_datasetv8,9.021,1,0,0,0,1
clutter_default,-45.0,4,cfar_numpy_go,8.314,1,6,0,6,1
clutter_default,-45.0,4,cfar_advanced_go,8.314,1,0,0,0,1
clutter_default,-45.0,4,cfar_custom_datasetv8,8.314,1,0,0,0,1
clutter_default,-45.0,5,cfar_numpy_go,9.006,1,4,0,4,1
clutter_default,-45.0,5,cfar_advanced_go,9.006,1,0,0,0,1
clutter_default,-45.0,5,cfar_custom_datasetv8,9.006,1,0,0,0,1
clutter_default,-45.0,6,cfar_numpy_go,8.781,1,4,0,4,1
clutter_default,-45.0,6,cfar_advanced_go,8.781,1,0,0,0,1
clutter_default,-45.0,6,cfar_custom_datasetv8,8.781,1,0,0,0,1
clutter_default,-45.0,7,cfar_numpy_go,8.956,1,4,0,4,1
clutter_default,-45.0,7,cfar_advanced_go,8.956,1,0,0,0,1
clutter_default,-45.0,7,cfar_custom_datasetv8,8.956,1,0,0,0,1
clutter_default,-45.0,8,cfar_numpy_go,10.803,1,3,0,3,1
clutter_default,-45.0,8,cfar_advanced_go,10.803,1,0,0,0,1
clutter_default,-45.0,8,cfar_custom_datasetv8,10.803,1,0,0,0,1
clutter_default,-45.0,9,cfar_numpy_go,10.194,1,9,0,9,1
clutter_default,-45.0,9,cfar_advanced_go,10.194,1,0,0,0,1
clutter_default,-45.0,9,cfar_custom_datasetv8,10.194,1,0,0,0,1
clutter_default,-45.0,10,cfar_numpy_go,8.581,1,7,0,7,1
clutter_default,-45.0,10,cfar_advanced_go,8.581,1,0,0,0,1
clutter_default,-45.0,10,cfar_custom_datasetv8,8.581,1,0,0,0,1
clutter_default,-45.0,11,cfar_numpy_go,9.01,1,8,0,8,1
clutter_default,-45.0,11,cfar_advanced_go,9.01,1,0,0,0,1
clutter_default,-45.0,11,cfar_custom_datasetv8,9.01,1,0,0,0,1
clutter_default,-45.0,12,cfar_numpy_go,7.993,1,9,0,9,1
clutter_default,-45.0,12,cfar_advanced_go,7.993,1,0,0,0,1
clutter_default,-45.0,12,cfar_custom_datasetv8,7.993,1,0,0,0,1
clutter_default,-45.0,13,cfar_numpy_go,8.412,1,8,0,8,1
clutter_default,-45.0,13,cfar_advanced_go,8.412,1,0,0,0,1
clutter_default,-45.0,13,cfar_custom_datasetv8,8.412,1,0,0,0,1
clutter_default,-45.0,14,cfar_numpy_go,8.991,1,2,0,2,1
clutter_default,-45.0,14,cfar_advanced_go,8.991,1,0,0,0,1
clutter_default,-45.0,14,cfar_custom_datasetv8,8.991,1,0,0,0,1
clutter_default,-45.0,15,cfar_numpy_go,8.984,1,7,0,7,1
clutter_default,-45.0,15,cfar_advanced_go,8.984,1,0,0,0,1
clutter_default,-45.0,15,cfar_custom_datasetv8,8.984,1,0,0,0,1
clutter_default,-40.0,0,cfar_numpy_go,10.326,1,7,0,7,1
clutter_default,-40.0,0,cfar_advanced_go,10.326,1,0,0,0,1
clutter_default,-40.0,0,cfar_custom_datasetv8,10.326,1,0,0,0,1
clutter_default,-40.0,1,cfar_numpy_go,8.872,1,3,0,3,1
clutter_default,-40.0,1,cfar_advanced_go,8.872,1,0,0,0,1
clutter_default,-40.0,1,cfar_custom_datasetv8,8.872,1,0,0,0,1
clutter_default,-40.0,2,cfar_numpy_go,7.892,1,3,0,3,1
clutter_default,-40.0,2,cfar_advanced_go,7.892,1,0,0,0,1
clutter_default,-40.0,2,cfar_custom_datasetv8,7.892,1,0,0,0,1
clutter_default,-40.0,3,cfar_numpy_go,11.488,1,5,0,5,1
clutter_default,-40.0,3,cfar_advanced_go,11.488,1,0,0,0,1
clutter_default,-40.0,3,cfar_custom_datasetv8,11.488,1,0,0,0,1
clutter_default,-40.0,4,cfar_numpy_go,9.256,1,2,0,2,1
clutter_default,-40.0,4,cfar_advanced_go,9.256,1,0,0,0,1
clutter_default,-40.0,4,cfar_custom_datasetv8,9.256,1,0,0,0,1
clutter_default,-40.0,5,cfar_numpy_go,10.298,1,8,0,8,1
clutter_default,-40.0,5,cfar_advanced_go,10.298,1,0,0,0,1
clutter_default,-40.0,5,cfar_custom_datasetv8,10.298,1,0,0,0,1
clutter_default,-40.0,6,cfar_numpy_go,10.616,1,6,0,6,1
clutter_default,-40.0,6,cfar_advanced_go,10.616,1,0,0,0,1
clutter_default,-40.0,6,cfar_custom_datasetv8,10.616,1,0,0,0,1
clutter_default,-40.0,7,cfar_numpy_go,7.524,1,8,0,8,1
clutter_default,-40.0,7,cfar_advanced_go,7.524,1,0,0,0,1
clutter_default,-40.0,7,cfar_custom_datasetv8,7.524,1,0,0,0,1
clutter_default,-40.0,8,cfar_numpy_go,7.87,1,2,0,2,1
clutter_default,-40.0,8,cfar_advanced_go,7.87,1,0,0,0,1
clutter_default,-40.0,8,cfar_custom_datasetv8,7.87,1,0,0,0,1
clutter_default,-40.0,9,cfar_numpy_go,10.064,1,3,0,3,1
clutter_default,-40.0,9,cfar_advanced_go,10.064,1,0,0,0,1
clutter_default,-40.0,9,cfar_custom_datasetv8,10.064,1,0,0,0,1
clutter_default,-40.0,10,cfar_numpy_go,8.766,1,4,0,4,1
clutter_default,-40.0,10,cfar_advanced_go,8.766,1,0,0,0,1
clutter_default,-40.0,10,cfar_custom_datasetv8,8.766,1,0,0,0,1
clutter_default,-40.0,11,cfar_numpy_go,9.766,1,3,0,3,1
clutter_default,-40.0,11,cfar_advanced_go,9.766,1,0,0,0,1
clutter_default,-40.0,11,cfar_custom_datasetv8,9.766,1,0,0,0,1
clutter_default,-40.0,12,cfar_numpy_go,10.229,1,2,0,2,1
clutter_default,-40.0,12,cfar_advanced_go,10.229,1,0,0,0,1
clutter_default,-40.0,12,cfar_custom_datasetv8,10.229,1,0,0,0,1
clutter_default,-40.0,13,cfar_numpy_go,9.833,1,8,0,8,1
clutter_default,-40.0,13,cfar_advanced_go,9.833,1,0,0,0,1
clutter_default,-40.0,13,cfar_custom_datasetv8,9.833,1,0,0,0,1
clutter_default,-40.0,14,cfar_numpy_go,7.884,1,7,0,7,1
clutter_default,-40.0,14,cfar_advanced_go,7.884,1,0,0,0,1
clutter_default,-40.0,14,cfar_custom_datasetv8,7.884,1,0,0,0,1
clutter_default,-40.0,15,cfar_numpy_go,8.267,1,5,0,5,1
clutter_default,-40.0,15,cfar_advanced_go,8.267,1,0,0,0,1
clutter_default,-40.0,15,cfar_custom_datasetv8,8.267,1,0,0,0,1
clutter_default,-35.0,0,cfar_numpy_go,11.365,1,4,1,3,0
clutter_default,-35.0,0,cfar_advanced_go,11.365,1,0,0,0,1
clutter_default,-35.0,0,cfar_custom_datasetv8,11.365,1,0,0,0,1
clutter_default,-35.0,1,cfar_numpy_go,10.677,1,7,0,7,1
clutter_default,-35.0,1,cfar_advanced_go,10.677,1,0,0,0,1
clutter_default,-35.0,1,cfar_custom_datasetv8,10.677,1,0,0,0,1
clutter_default,-35.0,2,cfar_numpy_go,11.526,1,10,1,9,0
clutter_default,-35.0,2,cfar_advanced_go,11.526,1,0,0,0,1
clutter_default,-35.0,2,cfar_custom_datasetv8,11.526,1,0,0,0,1
clutter_default,-35.0,3,cfar_numpy_go,9.742,1,7,0,7,1
clutter_default,-35.0,3,cfar_advanced_go,9.742,1,0,0,0,1
clutter_default,-35.0,3,cfar_custom_datasetv8,9.742,1,0,0,0,1
clutter_default,-35.0,4,cfar_numpy_go,10.541,1,7,0,7,1
clutter_default,-35.0,4,cfar_advanced_go,10.541,1,0,0,0,1
clutter_default,-35.0,4,cfar_custom_datasetv8,10.541,1,0,0,0,1
clutter_default,-35.0,5,cfar_numpy_go,10.356,1,5,0,5,1
clutter_default,-35.0,5,cfar_advanced_go,10.356,1,0,0,0,1
clutter_default,-35.0,5,cfar_custom_datasetv8,10.356,1,0,0,0,1
clutter_default,-35.0,6,cfar_numpy_go,11.036,1,6,0,6,1
clutter_default,-35.0,6,cfar_advanced_go,11.036,1,0,0,0,1
clutter_default,-35.0,6,cfar_custom_datasetv8,11.036,1,0,0,0,1
clutter_default,-35.0,7,cfar_numpy_go,9.707,1,4,0,4,1
clutter_default,-35.0,7,cfar_advanced_go,9.707,1,0,0,0,1
clutter_default,-35.0,7,cfar_custom_datasetv8,9.707,1,0,0,0,1
clutter_default,-35.0,8,cfar_numpy_go,11.319,1,3,0,3,1
clutter_default,-35.0,8,cfar_advanced_go,11.319,1,0,0,0,1
clutter_default,-35.0,8,cfar_custom_datasetv8,11.319,1,0,0,0,1
clutter_default,-35.0,9,cfar_numpy_go,9.766,1,5,0,5,1
clutter_default,-35.0,9,cfar_advanced_go,9.766,1,0,0,0,1
clutter_default,-35.0,9,cfar_custom_datasetv8,9.766,1,0,0,0,1
clutter_default,-35.0,10,cfar_numpy_go,14.518,1,9,1,8,0
clutter_default,-35.0,10,cfar_advanced_go,14.518,1,0,0,0,1
clutter_default,-35.0,10,cfar_custom_datasetv8,14.518,1,1,1,0,0
clutter_default,-35.0,11,cfar_numpy_go,10.017,1,7,0,7,1
clutter_default,-35.0,11,cfar_advanced_go,10.017,1,0,0,0,1
clutter_default,-35.0,11,cfar_custom_datasetv8,10.017,1,0,0,0,1
clutter_default,-35.0,12,cfar_numpy_go,12.893,1,7,1,6,0
clutter_default,-35.0,12,cfar_advanced_go,12.893,1,0,0,0,1
clutter_default,-35.0,12,cfar_custom_datasetv8,12.893,1,0,0,0,1
clutter_default,-35.0,13,cfar_numpy_go,12.254,1,5,1,4,0
clutter_default,-35.0,13,cfar_advanced_go,12.254,1,0,0,0,1
clutter_default,-35.0,13,cfar_custom_datasetv8,12.254,1,0,0,0,1
clutter_default,-35.0,14,cfar_numpy_go,11.313,1,4,1,3,0
clutter_default,-35.0,14,cfar_advanced_go,11.313,1,0,0,0,1
clutter_default,-35.0,14,cfar_custom_datasetv8,11.313,1,0,0,0,1
clutter_default,-35.0,15,cfar_numpy_go,12.416,1,5,1,4,0
clutter_default,-35.0,15,cfar_advanced_go,12.416,1,0,0,0,1
clutter_default,-35.0,15,cfar_custom_datasetv8,12.416,1,0,0,0,1
clutter_default,-30.0,0,cfar_numpy_go,15.402,1,8,1,7,0
clutter_default,-30.0,0,cfar_advanced_go,15.402,1,0,0,0,1
clutter_default,-30.0,0,cfar_custom_datasetv8,15.402,1,1,1,0,0
clutter_default,-30.0,1,cfar_numpy_go,16.111,1,9,1,8,0
clutter_default,-30.0,1,cfar_advanced_go,16.111,1,0,0,0,1
clutter_default,-30.0,1,cfar_custom_datasetv8,16.111,1,1,1,0,0
clutter_default,-30.0,2,cfar_numpy_go,16.103,1,6,1,5,0
clutter_default,-30.0,2,cfar_advanced_go,16.103,1,0,0,0,1
clutter_default,-30.0,2,cfar_custom_datasetv8,16.103,1,1,1,0,0
clutter_default,-30.0,3,cfar_numpy_go,14.842,1,4,1,3,0
clutter_default,-30.0,3,cfar_advanced_go,14.842,1,0,0,0,1
clutter_default,-30.0,3,cfar_custom_datasetv8,14.842,1,1,1,0,0
clutter_default,-30.0,4,cfar_numpy_go,16.638,1,8,1,7,0
clutter_default,-30.0,4,cfar_advanced_go,16.638,1,0,0,0,1
clutter_default,-30.0,4,cfar_custom_datasetv8,16.638,1,1,1,0,0
clutter_default,-30.0,5,cfar_numpy_go,14.502,1,7,1,6,0
clutter_default,-30.0,5,cfar_advanced_go,14.502,1,0,0,0,1
clutter_default,-30.0,5,cfar_custom_datasetv8,14.502,1,1,1,0,0
clutter_default,-30.0,6,cfar_numpy_go,15.53,1,5,1,4,0
clutter_default,-30.0,6,cfar_advanced_go,15.53,1,0,0,0,1
clutter_default,-30.0,6,cfar_custom_datasetv8,15.53,1,1,1,0,0
clutter_default,-30.0,7,cfar_numpy_go,15.964,1,10,1,9,0
clutter_default,-30.0,7,cfar_advanced_go,15.964,1,0,0,0,1
clutter_default,-30.0,7,cfar_custom_datasetv8,15.964,1,1,1,0,0
clutter_default,-30.0,8,cfar_numpy_go,15.846,1,6,1,5,0
clutter_default,-30.0,8,cfar_advanced_go,15.846,1,0,0,0,1
clutter_default,-30.0,8,cfar_custom_datasetv8,15.846,1,1,1,0,0
clutter_default,-30.0,9,cfar_numpy_go,16.541,1,6,1,5,0
clutter_default,-30.0,9,cfar_advanced_go,16.541,1,0,0,0,1
clutter_default,-30.0,9,cfar_custom_datasetv8,16.541,1,1,1,0,0
clutter_default,-30.0,10,cfar_numpy_go,15.537,1,5,1,4,0
clutter_default,-30.0,10,cfar_advanced_go,15.537,1,0,0,0,1
clutter_default,-30.0,10,cfar_custom_datasetv8,15.537,1,1,1,0,0
clutter_default,-30.0,11,cfar_numpy_go,17.797,1,3,1,2,0
clutter_default,-30.0,11,cfar_advanced_go,17.797,1,0,0,0,1
clutter_default,-30.0,11,cfar_custom_datasetv8,17.797,1,1,1,0,0
clutter_default,-30.0,12,cfar_numpy_go,15.811,1,7,1,6,0
clutter_default,-30.0,12,cfar_advanced_go,15.811,1,0,0,0,1
clutter_default,-30.0,12,cfar_custom_datasetv8,15.811,1,1,1,0,0
clutter_default,-30.0,13,cfar_numpy_go,17.031,1,9,1,8,0
clutter_default,-30.0,13,cfar_advanced_go,17.031,1,0,0,0,1
clutter_default,-30.0,13,cfar_custom_datasetv8,17.031,1,1,1,0,0
clutter_default,-30.0,14,cfar_numpy_go,16.045,1,4,1,3,0
clutter_default,-30.0,14,cfar_advanced_go,16.045,1,0,0,0,1
clutter_default,-30.0,14,cfar_custom_datasetv8,16.045,1,1,1,0,0
clutter_default,-30.0,15,cfar_numpy_go,13.899,1,8,1,7,0
clutter_default,-30.0,15,cfar_advanced_go,13.899,1,0,0,0,1
clutter_default,-30.0,15,cfar_custom_datasetv8,13.899,1,0,0,0,1
clutter_default,-25.0,0,cfar_numpy_go,21.128,1,5,1,4,0
clutter_default,-25.0,0,cfar_advanced_go,21.128,1,1,1,0,0
clutter_default,-25.0,0,cfar_custom_datasetv8,21.128,1,1,1,0,0
clutter_default,-25.0,1,cfar_numpy_go,20.791,1,3,1,2,0
clutter_default,-25.0,1,cfar_advanced_go,20.791,1,1,1,0,0
clutter_default,-25.0,1,cfar_custom_datasetv8,20.791,1,1,1,0,0
clutter_default,-25.0,2,cfar_numpy_go,19.748,1,6,1,5,0
clutter_default,-25.0,2,cfar_advanced_go,19.748,1,1,1,0,0
clutter_default,-25.0,2,cfar_custom_datasetv8,19.748,1,1,1,0,0
clutter_default,-25.0,3,cfar_numpy_go,20.698,1,6,1,5,0
clutter_default,-25.0,3,cfar_advanced_go,20.698,1,1,1,0,0
clutter_default,-25.0,3,cfar_custom_datasetv8,20.698,1,1,1,0,0
clutter_default,-25.0,4,cfar_numpy_go,20.896,1,12,1,11,0
clutter_default,-25.0,4,cfar_advanced_go,20.896,1,1,1,0,0
clutter_default,-25.0,4,cfar_custom_datasetv8,20.896,1,1,1,0,0
clutter_default,-25.0,5,cfar_numpy_go,19.359,1,10,1,9,0
clutter_default,-25.0,5,cfar_advanced_go,19.359,1,1,1,0,0
clutter_default,-25.0,5,cfar_custom_datasetv8,19.359,1,1,1,0,0
clutter_default,-25.0,6,cfar_numpy_go,20.4,1,6,1,5,0
clutter_default,-25.0,6,cfar_advanced_go,20.4,1,1,1,0,0
clutter_default,-25.0,6,cfar_custom_datasetv8,20.4,1,1,1,0,0
clutter_default,-25.0,7,cfar_numpy_go,21.344,1,6,1,5,0
clutter_default,-25.0,7,cfar_advanced_go,21.344,1,1,1,0,0
clutter_default,-25.0,7,cfar_custom_datasetv8,21.344,1,1,1,0,0
clutter_default,-25.0,8,cfar_numpy_go,20.512,1,6,1,5,0
clutter_default,-25.0,8,cfar_advanced_go,20.512,1,1,1,0,0
clutter_default,-25.0,8,cfar_custom_datasetv8,20.512,1,1,1,0,0
clutter_default,-25.0,9,cfar_numpy_go,19.329,1,5,1,4,0
clutter_default,-25.0,9,cfar_advanced_go,19.329,1,1,1,0,0
clutter_default,-25.0,9,cfar_custom_datasetv8,19.329,1,1,1,0,0
clutter_default,-25.0,10,cfar_numpy_go,21.237,1,10,1,9,0
clutter_default,-25.0,10,cfar_advanced_go,21.237,1,1,1,0,0
clutter_default,-25.0,10,cfar_custom_datasetv8,21.237,1,1,1,0,0
clutter_default,-25.0,11,cfar_numpy_go,21.588,1,7,1,6,0
clutter_default,-25.0,11,cfar_advanced_go,21.588,1,1,1,0,0
clutter_default,-25.0,11,cfar_custom_datasetv8,21.588,1,1,1,0,0
clutter_default,-25.0,12,cfar_numpy_go,20.968,1,9,1,8,0
clutter_default,-25.0,12,cfar_advanced_go,20.968,1,1,1,0,0
clutter_default,-25.0,12,cfar_custom_datasetv8,20.968,1,1,1,0,0
clutter_default,-25.0,13,cfar_numpy_go,21.309,1,6,1,5,0
clutter_default,-25.0,13,cfar_advanced_go,21.309,1,1,1,0,0
clutter_default,-25.0,13,cfar_custom_datasetv8,21.309,1,1,1,0,0
clutter_default,-25.0,14,cfar_numpy_go,20.188,1,6,1,5,0
clutter_default,-25.0,14,cfar_advanced_go,20.188,1,1,1,0,0
clutter_default,-25.0,14,cfar_custom_datasetv8,20.188,1,1,1,0,0
clutter_default,-25.0,15,cfar_numpy_go,20.405,1,6,1,5,0
clutter_default,-25.0,15,cfar_advanced_go,20.405,1,0,0,0,1
clutter_default,-25.0,15,cfar_custom_datasetv8,20.405,1,1,1,0,0
clutter_default,-20.0,0,cfar_numpy_go,24.47,1,8,1,7,0
clutter_default,-20.0,0,cfar_advanced_go,24.47,1,1,1,0,0
clutter_default,-20.0,0,cfar_custom_datasetv8,24.47,1,1,1,0,0
clutter_default,-20.0,1,cfar_numpy_go,26.16,1,6,1,5,0
clutter_default,-20.0,1,cfar_advanced_go,26.16,1,1,1,0,0
clutter_default,-20.0,1,cfar_custom_datasetv8,26.16,1,1,1,0,0
clutter_default,-20.0,2,cfar_numpy_go,24.919,1,6,1,5,0
clutter_default,-20.0,2,cfar_advanced_go,24.919,1,1,1,0,0
clutter_default,-20.0,2,cfar_custom_datasetv8,24.919,1,1,1,0,0
clutter_default,-20.0,3,cfar_numpy_go,25.682,1,8,1,7,0
clutter_default,-20.0,3,cfar_advanced_go,25.682,1,1,1,0,0
clutter_default,-20.0,3,cfar_custom_datasetv8,25.682,1,1,1,0,0
clutter_default,-20.0,4,cfar_numpy_go,25.805,1,6,1,5,0
clutter_default,-20.0,4,cfar_advanced_go,25.805,1,1,1,0,0
clutter_default,-20.0,4,cfar_custom_datasetv8,25.805,1,1,1,0,0
clutter_default,-20.0,5,cfar_numpy_go,25.73,1,7,1,6,0
clutter_default,-20.0,5,cfar_advanced_go,25.73,1,1,1,0,0
clutter_default,-20.0,5,cfar_custom_datasetv8,25.73,1,1,1,0,0
clutter_default,-20.0,6,cfar_numpy_go,25.602,1,4,1,3,0
clutter_default,-20.0,6,cfar_advanced_go,25.602,1,1,1,0,0
clutter_default,-20.0,6,cfar_custom_datasetv8,25.602,1,1,1,0,0
clutter_default,-20.0,7,cfar_numpy_go,26.144,1,5,1,4,0
clutter_default,-20.0,7,cfar_advanced_go,26.144,1,1,1,0,0
clutter_default,-20.0,7,cfar_custom_datasetv8,26.144,1,1,1,0,0
clutter_default,-20.0,8,cfar_numpy_go,25.842,1,4,1,3,0
clutter_default,-20.0,8,cfar_advanced_go,25.842,1,1,1,0,0
clutter_default,-20.0,8,cfar_custom_datasetv8,25.842,1,1,1,0,0
clutter_default,-20.0,9,cfar_numpy_go,25.354,1,5,1,4,0
clutter_default,-20.0,9,cfar_advanced_go,25.354,1,1,1,0,0
clutter_default,-20.0,9,cfar_custom_datasetv8,25.354,1,1,1,0,0
clutter_default,-20.0,10,cfar_numpy_go,25.138,1,6,1,5,0
clutter_default,-20.0,10,cfar_advanced_go,25.138,1,1,1,0,0
clutter_default,-20.0,10,cfar_custom_datasetv8,25.138,1,1,1,0,0
clutter_default,-20.0,11,cfar_numpy_go,25.736,1,10,1,9,0
clutter_default,-20.0,11,cfar_advanced_go,25.736,1,1,1,0,0
clutter_default,-20.0,11,cfar_custom_datasetv8,25.736,1,1,1,0,0
clutter_default,-20.0,12,cfar_numpy_go,24.923,1,5,1,4,0
clutter_default,-20.0,12,cfar_advanced_go,24.923,1,1,1,0,0
clutter_default,-20.0,12,cfar_custom_datasetv8,24.923,1,1,1,0,0
clutter_default,-20.0,13,cfar_numpy_go,25.277,1,6,1,5,0
clutter_default,-20.0,13,cfar_advanced_go,25.277,1,1,1,0,0
clutter_default,-20.0,13,cfar_custom_datasetv8,25.277,1,1,1,0,0
clutter_default,-20.0,14,cfar_numpy_go,24.41,1,6,1,5,0
clutter_default,-20.0,14,cfar_advanced_go,24.41,1,1,1,0,0
clutter_default,-20.0,14,cfar_custom_datasetv8,24.41,1,1,1,0,0
clutter_default,-20.0,15,cfar_numpy_go,25.246,1,3,1,2,0
clutter_default,-20.0,15,cfar_advanced_go,25.246,1,1,1,0,0
clutter_default,-20.0,15,cfar_custom_datasetv8,25.246,1,1,1,0,0
clutter_default,-15.0,0,cfar_numpy_go,29.952,1,6,1,5,0
clutter_default,-15.0,0,cfar_advanced_go,29.952,1,1,1,0,0
clutter_default,-15.0,0,cfar_custom_datasetv8,29.952,1,1,1,0,0
clutter_default,-15.0,1,cfar_numpy_go,30.631,1,5,1,4,0
clutter_default,-15.0,1,cfar_advanced_go,30.631,1,1,1,0,0
clutter_default,-15.0,1,cfar_custom_datasetv8,30.631,1,1,1,0,0
clutter_default,-15.0,2,cfar_numpy_go,30.5,1,6,1,5,0
clutter_default,-15.0,2,cfar_advanced_go,30.5,1,1,1,0,0
clutter_default,-15.0,2,cfar_custom_datasetv8,30.5,1,1,1,0,0
clutter_default,-15.0,3,cfar_numpy_go,30.652,1,7,1,6,0
clutter_default,-15.0,3,cfar_advanced_go,30.652,1,1,1,0,0
clutter_default,-15.0,3,cfar_custom_datasetv8,30.652,1,1,1,0,0
clutter_default,-15.0,4,cfar_numpy_go,31.283,1,10,1,9,0
clutter_default,-15.0,4,cfar_advanced_go,31.283,1,1,1,0,0
clutter_default,-15.0,4,cfar_custom_datasetv8,31.283,1,1,1,0,0
clutter_default,-15.0,5,cfar_numpy_go,30.526,1,9,1,8,0
clutter_default,-15.0,5,cfar_advanced_go,30.526,1,1,1,0,0
clutter_default,-15.0,5,cfar_custom_datasetv8,30.526,1,1,1,0,0
clutter_default,-15.0,6,cfar_numpy_go,30.568,1,6,1,5,0
clutter_default,-15.0,6,cfar_advanced_go,30.568,1,1,1,0,0
clutter_default,-15.0,6,cfar_custom_datasetv8,30.568,1,1,1,0,0
clutter_default,-15.0,7,cfar_numpy_go,31.182,1,6,1,5,0
clutter_default,-15.0,7,cfar_advanced_go,31.182,1,1,1,0,0
clutter_default,-15.0,7,cfar_custom_datasetv8,31.182,1,1,1,0,0
clutter_default,-15.0,8,cfar_numpy_go,31.189,1,6,1,5,0
clutter_default,-15.0,8,cfar_advanced_go,31.189,1,1,1,0,0
clutter_default,-15.0,8,cfar_custom_datasetv8,31.189,1,1,1,0,0
clutter_default,-15.0,9,cfar_numpy_go,30.364,1,6,1,5,0
clutter_default,-15.0,9,cfar_advanced_go,30.364,1,1,1,0,0
clutter_default,-15.0,9,cfar_custom_datasetv8,30.364,1,1,1,0,0
clutter_default,-15.0,10,cfar_numpy_go,31.036,1,6,1,5,0
clutter_default,-15.0,10,cfar_advanced_go,31.036,1,1,1,0,0
clutter_default,-15.0,10,cfar_custom_datasetv8,31.036,1,1,1,0,0
clutter_default,-15.0,11,cfar_numpy_go,30.904,1,2,1,1,0
clutter_default,-15.0,11,cfar_advanced_go,30.904,1,1,1,0,0
clutter_default,-15.0,11,cfar_custom_datasetv8,30.904,1,1,1,0,0
clutter_default,-15.0,12,cfar_numpy_go,29.572,1,8,1,7,0
clutter_default,-15.0,12,cfar_advanced_go,29.572,1,1,1,0,0
clutter_default,-15.0,12,cfar_custom_datasetv8,29.572,1,1,1,0,0
clutter_default,-15.0,13,cfar_numpy_go,30.783,1,2,1,1,0
clutter_default,-15.0,13,cfar_advanced_go,30.783,1,1,1,0,0
clutter_default,-15.0,13,cfar_custom_datasetv8,30.783,1,1,1,0,0
clutter_default,-15.0,14,cfar_numpy_go,30.363,1,6,1,5,0
clutter_default,-15.0,14,cfar_advanced_go,30.363,1,1,1,0,0
clutter_default,-15.0,14,cfar_custom_datasetv8,30.363,1,1,1,0,0
clutter_default,-15.0,15,cfar_numpy_go,30.077,1,4,1,3,0
clutter_default,-15.0,15,cfar_advanced_go,30.077,1,1,1,0,0
clutter_default,-15.0,15,cfar_custom_datasetv8,30.077,1,1,1,0,0
clutter_strong,-50.0,0,cfar_numpy_go,10.127,1,7,0,7,1
clutter_strong,-50.0,0,cfar_advanced_go,10.127,1,0,0,0,1
clutter_strong,-50.0,0,cfar_custom_datasetv8,10.127,1,0,0,0,1
clutter_strong,-50.0,1,cfar_numpy_go,8.62,1,4,0,4,1
clutter_strong,-50.0,1,cfar_advanced_go,8.62,1,0,0,0,1
clutter_strong,-50.0,1,cfar_custom_datasetv8,8.62,1,0,0,0,1
clutter_strong,-50.0,2,cfar_numpy_go,8.475,1,9,0,9,1
clutter_strong,-50.0,2,cfar_advanced_go,8.475,1,0,0,0,1
clutter_strong,-50.0,2,cfar_custom_datasetv8,8.475,1,0,0,0,1
clutter_strong,-50.0,3,cfar_numpy_go,8.795,1,5,0,5,1
clutter_strong,-50.0,3,cfar_advanced_go,8.795,1,0,0,0,1
clutter_strong,-50.0,3,cfar_custom_datasetv8,8.795,1,0,0,0,1
clutter_strong,-50.0,4,cfar_numpy_go,10.322,1,7,0,7,1
clutter_strong,-50.0,4,cfar_advanced_go,10.322,1,0,0,0,1
clutter_strong,-50.0,4,cfar_custom_datasetv8,10.322,1,0,0,0,1
clutter_strong,-50.0,5,cfar_numpy_go,8.737,1,6,0,6,1
clutter_strong,-50.0,5,cfar_advanced_go,8.737,1,0,0,0,1
clutter_strong,-50.0,5,cfar_custom_datasetv8,8.737,1,0,0,0,1
clutter_strong,-50.0,6,cfar_numpy_go,8.985,1,1,0,1,1
clutter_strong,-50.0,6,cfar_advanced_go,8.985,1,0,0,0,1
clutter_strong,-50.0,6,cfar_custom_datasetv8,8.985,1,0,0,0,1
clutter_strong,-50.0,7,cfar_numpy_go,8.686,1,7,0,7,1
clutter_strong,-50.0,7,cfar_advanced_go,8.686,1,0,0,0,1
clutter_strong,-50.0,7,cfar_custom_datasetv8,8.686,1,0,0,0,1
clutter_strong,-50.0,8,cfar_numpy_go,9.712,1,6,0,6,1
clutter_strong,-50.0,8,cfar_advanced_go,9.712,1,0,0,0,1
clutter_strong,-50.0,8,cfar_custom_datasetv8,9.712,1,0,0,0,1
clutter_strong,-50.0,9,cfar_numpy_go,9.443,1,3,0,3,1
clutter_strong,-50.0,9,cfar_advanced_go,9.443,1,0,0,0,1
clutter_strong,-50.0,9,cfar_custom_datasetv8,9.443,1,0,0,0,1
clutter_strong,-50.0,10,cfar_numpy_go,10.76,1,5,0,5,1
clutter_strong,-50.0,10,cfar_advanced_go,10.76,1,0,0,0,1
clutter_strong,-50.0,10,cfar_custom_datasetv8,10.76,1,0,0,0,1
clutter_strong,-50.0,11,cfar_numpy_go,7.731,1,3,0,3,1
clutter_strong,-50.0,11,cfar_advanced_go,7.731,1,0,0,0,1
clutter_strong,-50.0,11,cfar_custom_datasetv8,7.731,1,0,0,0,1
clutter_strong,-50.0,12,cfar_numpy_go,9.751,1,7,0,7,1
clutter_strong,-50.0,12,cfar_advanced_go,9.751,1,0,0,0,1
clutter_strong,-50.0,12,cfar_custom_datasetv8,9.751,1,0,0,0,1
clutter_strong,-50.0,13,cfar_numpy_go,8.778,1,8,0,8,1
clutter_strong,-50.0,13,cfar_advanced_go,8.778,1,0,0,0,1
clutter_strong,-50.0,13,cfar_custom_datasetv8,8.778,1,0,0,0,1
clutter_strong,-50.0,14,cfar_numpy_go,9.315,1,1,0,1,1
clutter_strong,-50.0,14,cfar_advanced_go,9.315,1,0,0,0,1
clutter_strong,-50.0,14,cfar_custom_datasetv8,9.315,1,0,0,0,1
clutter_strong,-50.0,15,cfar_numpy_go,7.715,1,6,0,6,1
clutter_strong,-50.0,15,cfar_advanced_go,7.715,1,0,0,0,1
clutter_strong,-50.0,15,cfar_custom_datasetv8,7.715,1,0,0,0,1
clutter_strong,-45.0,0,cfar_numpy_go,11.833,1,6,0,6,1
clutter_strong,-45.0,0,cfar_advanced_go,11.833,1,0,0,0,1
clutter_strong,-45.0,0,cfar_custom_datasetv8,11.833,1,0,0,0,1
clutter_strong,-45.0,1,cfar_numpy_go,8.962,1,3,0,3,1
clutter_strong,-45.0,1,cfar_advanced_go,8.962,1,0,0,0,1
clutter_strong,-45.0,1,cfar_custom_datasetv8,8.962,1,0,0,0,1
clutter_strong,-45.0,2,cfar_numpy_go,9.304,1,4,0,4,1
clutter_strong,-45.0,2,cfar_advanced_go,9.304,1,0,0,0,1
clutter_strong,-45.0,2,cfar_custom_datasetv8,9.304,1,0,0,0,1
clutter_strong,-45.0,3,cfar_numpy_go,8.81,1,5,0,5,1
clutter_strong,-45.0,3,cfar_advanced_go,8.81,1,0,0,0,1
clutter_strong,-45.0,3,cfar_custom_datasetv8,8.81,1,0,0,0,1
clutter_strong,-45.0,4,cfar_numpy_go,8.303,1,6,0,6,1
clutter_strong,-45.0,4,cfar_advanced_go,8.303,1,0,0,0,1
clutter_strong,-45.0,4,cfar_custom_datasetv8,8.303,1,0,0,0,1
clutter_strong,-45.0,5,cfar_numpy_go,8.214,1,4,0,4,1
clutter_strong,-45.0,5,cfar_advanced_go,8.214,1,0,0,0,1
clutter_strong,-45.0,5,cfar_custom_datasetv8,8.214,1,0,0,0,1
clutter_strong,-45.0,6,cfar_numpy_go,8.781,1,4,0,4,1
clutter_strong,-45.0,6,cfar_advanced_go,8.781,1,0,0,0,1
clutter_strong,-45.0,6,cfar_custom_datasetv8,8.781,1,0,0,0,1
clutter_strong,-45.0,7,cfar_numpy_go,8.955,1,4,0,4,1
clutter_strong,-45.0,7,cfar_advanced_go,8.955,1,0,0,0,1
clutter_strong,-45.0,7,cfar_custom_datasetv8,8.955,1,0,0,0,1
clutter_strong,-45.0,8,cfar_numpy_go,10.797,1,3,0,3,1
clutter_strong,-45.0,8,cfar_advanced_go,10.797,1,0,0,0,1
clutter_strong,-45.0,8,cfar_custom_datasetv8,10.797,1,0,0,0,1
clutter_strong,-45.0,9,cfar_numpy_go,10.193,1,9,0,9,1
clutter_strong,-45.0,9,cfar_advanced_go,10.193,1,0,0,0,1
clutter_strong,-45.0,9,cfar_custom_datasetv8,10.193,1,0,0,0,1
clutter_strong,-45.0,10,cfar_numpy_go,8.581,1,7,0,7,1
clutter_strong,-45.0,10,cfar_advanced_go,8.581,1,0,0,0,1
clutter_strong,-45.0,10,cfar_custom_datasetv8,8.581,1,0,0,0,1
clutter_strong,-45.0,11,cfar_numpy_go,9.008,1,8,0,8,1
clutter_strong,-45.0,11,cfar_advanced_go,9.008,1,0,0,0,1
clutter_strong,-45.0,11,cfar_custom_datasetv8,9.008,1,0,0,0,1
clutter_strong,-45.0,12,cfar_numpy_go,7.991,1,9,0,9,1
clutter_strong,-45.0,12,cfar_advanced_go,7.991,1,0,0,0,1
clutter_strong,-45.0,12,cfar_custom_datasetv8,7.991,1,0,0,0,1
clutter_strong,-45.0,13,cfar_numpy_go,8.412,1,8,0,8,1
clutter_strong,-45.0,13,cfar_advanced_go,8.412,1,0,0,0,1
clutter_strong,-45.0,13,cfar_custom_datasetv8,8.412,1,0,0,0,1
clutter_strong,-45.0,14,cfar_numpy_go,8.99,1,2,0,2,1
clutter_strong,-45.0,14,cfar_advanced_go,8.99,1,0,0,0,1
clutter_strong,-45.0,14,cfar_custom_datasetv8,8.99,1,0,0,0,1
clutter_strong,-45.0,15,cfar_numpy_go,8.984,1,7,0,7,1
clutter_strong,-45.0,15,cfar_advanced_go,8.984,1,0,0,0,1
clutter_strong,-45.0,15,cfar_custom_datasetv8,8.984,1,0,0,0,1
clutter_strong,-40.0,0,cfar_numpy_go,9.369,1,7,0,7,1
clutter_strong,-40.0,0,cfar_advanced_go,9.369,1,0,0,0,1
clutter_strong,-40.0,0,cfar_custom_datasetv8,9.369,1,0,0,0,1
clutter_strong,-40.0,1,cfar_numpy_go,8.872,1,3,0,3,1
clutter_strong,-40.0,1,cfar_advanced_go,8.872,1,0,0,0,1
clutter_strong,-40.0,1,cfar_custom_datasetv8,8.872,1,0,0,0,1
clutter_strong,-40.0,2,cfar_numpy_go,7.89,1,3,0,3,1
clutter_strong,-40.0,2,cfar_advanced_go,7.89,1,0,0,0,1
clutter_strong,-40.0,2,cfar_custom_datasetv8,7.89,1,0,0,0,1
clutter_strong,-40.0,3,cfar_numpy_go,7.966,1,5,0,5,1
clutter_strong,-40.0,3,cfar_advanced_go,7.966,1,0,0,0,1
clutter_strong,-40.0,3,cfar_custom_datasetv8,7.966,1,0,0,0,1
clutter_strong,-40.0,4,cfar_numpy_go,9.382,1,2,0,2,1
clutter_strong,-40.0,4,cfar_advanced_go,9.382,1,0,0,0,1
clutter_strong,-40.0,4,cfar_custom_datasetv8,9.382,1,0,0,0,1
clutter_strong,-40.0,5,cfar_numpy_go,9.178,1,8,0,8,1
clutter_strong,-40.0,5,cfar_advanced_go,9.178,1,0,0,0,1
clutter_strong,-40.0,5,cfar_custom_datasetv8,9.178,1,0,0,0,1
clutter_strong,-40.0,6,cfar_numpy_go,8.909,1,6,0,6,1
clutter_strong,-40.0,6,cfar_advanced_go,8.909,1,0,0,0,1
clutter_strong,-40.0,6,cfar_custom_datasetv8,8.909,1,0,0,0,1
clutter_strong,-40.0,7,cfar_numpy_go,6.789,1,8,0,8,1
clutter_strong,-40.0,7,cfar_advanced_go,6.789,1,0,0,0,1
clutter_strong,-40.0,7,cfar_custom_datasetv8,6.789,1,0,0,0,1
clutter_strong,-40.0,8,cfar_numpy_go,7.871,1,2,0,2,1
clutter_strong,-40.0,8,cfar_advanced_go,7.871,1,0,0,0,1
clutter_strong,-40.0,8,cfar_custom_datasetv8,7.871,1,0,0,0,1
clutter_strong,-40.0,9,cfar_numpy_go,10.058,1,3,0,3,1
clutter_strong,-40.0,9,cfar_advanced_go,10.058,1,0,0,0,1
clutter_strong,-40.0,9,cfar_custom_datasetv8,10.058,1,0,0,0,1
clutter_strong,-40.0,10,cfar_numpy_go,8.761,1,4,0,4,1
clutter_strong,-40.0,10,cfar_advanced_go,8.761,1,0,0,0,1
clutter_strong,-40.0,10,cfar_custom_datasetv8,8.761,1,0,0,0,1
clutter_strong,-40.0,11,cfar_numpy_go,9.766,1,3,0,3,1
clutter_strong,-40.0,11,cfar_advanced_go,9.766,1,0,0,0,1
clutter_strong,-40.0,11,cfar_custom_datasetv8,9.766,1,0,0,0,1
clutter_strong,-40.0,12,cfar_numpy_go,9.808,1,2,0,2,1
clutter_strong,-40.0,12,cfar_advanced_go,9.808,1,0,0,0,1
clutter_strong,-40.0,12,cfar_custom_datasetv8,9.808,1,0,0,0,1
clutter_strong,-40.0,13,cfar_numpy_go,9.729,1,8,0,8,1
clutter_strong,-40.0,13,cfar_advanced_go,9.729,1,0,0,0,1
clutter_strong,-40.0,13,cfar_custom_datasetv8,9.729,1,0,0,0,1
clutter_strong,-40.0,14,cfar_numpy_go,7.881,1,7,0,7,1
clutter_strong,-40.0,14,cfar_advanced_go,7.881,1,0,0,0,1
clutter_strong,-40.0,14,cfar_custom_datasetv8,7.881,1,0,0,0,1
clutter_strong,-40.0,15,cfar_numpy_go,7.568,1,5,0,5,1
clutter_strong,-40.0,15,cfar_advanced_go,7.568,1,0,0,0,1
clutter_strong,-40.0,15,cfar_custom_datasetv8,7.568,1,0,0,0,1
clutter_strong,-35.0,0,cfar_numpy_go,8.006,1,3,0,3,1
clutter_strong,-35.0,0,cfar_advanced_go,8.006,1,0,0,0,1
clutter_strong,-35.0,0,cfar_custom_datasetv8,8.006,1,0,0,0,1
clutter_strong,-35.0,1,cfar_numpy_go,9.251,1,7,0,7,1
clutter_strong,-35.0,1,cfar_advanced_go,9.251,1,0,0,0,1
clutter_strong,-35.0,1,cfar_custom_datasetv8,9.251,1,0,0,0,1
clutter_strong,-35.0,2,cfar_numpy_go,9.278,1,9,0,9,1
clutter_strong,-35.0,2,cfar_advanced_go,9.278,1,0,0,0,1
clutter_strong,-35.0,2,cfar_custom_datasetv8,9.278,1,0,0,0,1
clutter_strong,-35.0,3,cfar_numpy_go,8.52,1,7,0,7,1
clutter_strong,-35.0,3,cfar_advanced_go,8.52,1,0,0,0,1
clutter_strong,-35.0,3,cfar_custom_datasetv8,8.52,1,0,0,0,1
clutter_strong,-35.0,4,cfar_numpy_go,7.574,1,7,0,7,1
clutter_strong,-35.0,4,cfar_advanced_go,7.574,1,0,0,0,1
clutter_strong,-35.0,4,cfar_custom_datasetv8,7.574,1,0,0,0,1
clutter_strong,-35.0,5,cfar_numpy_go,8.511,1,5,0,5,1
clutter_strong,-35.0,5,cfar_advanced_go,8.511,1,0,0,0,1
clutter_strong,-35.0,5,cfar_custom_datasetv8,8.511,1,0,0,0,1
clutter_strong,-35.0,6,cfar_numpy_go,10.291,1,6,0,6,1
clutter_strong,-35.0,6,cfar_advanced_go,10.291,1,0,0,0,1
clutter_strong,-35.0,6,cfar_custom_datasetv8,10.291,1,0,0,0,1
clutter_strong,-35.0,7,cfar_numpy_go,8.055,1,4,0,4,1
clutter_strong,-35.0,7,cfar_advanced_go,8.055,1,0,0,0,1
clutter_strong,-35.0,7,cfar_custom_datasetv8,8.055,1,0,0,0,1
clutter_strong,-35.0,8,cfar_numpy_go,7.302,1,3,0,3,1
clutter_strong,-35.0,8,cfar_advanced_go,7.302,1,0,0,0,1
clutter_strong,-35.0,8,cfar_custom_datasetv8,7.302,1,0,0,0,1
clutter_strong,-35.0,9,cfar_numpy_go,9.008,1,5,0,5,1
clutter_strong,-35.0,9,cfar_advanced_go,9.008,1,0,0,0,1
clutter_strong,-35.0,9,cfar_custom_datasetv8,9.008,1,0,0,0,1
clutter_strong,-35.0,10,cfar_numpy_go,12.223,1,9,1,8,0
clutter_strong,-35.0,10,cfar_advanced_go,12.223,1,0,0,0,1
clutter_strong,-35.0,10,cfar_custom_datasetv8,12.223,1,0,0,0,1
clutter_strong,-35.0,11,cfar_numpy_go,7.776,1,7,0,7,1
clutter_strong,-35.0,11,cfar_advanced_go,7.776,1,0,0,0,1
clutter_strong,-35.0,11,cfar_custom_datasetv8,7.776,1,0,0,0,1
clutter_strong,-35.0,12,cfar_numpy_go,10.298,1,5,0,5,1
clutter_strong,-35.0,12,cfar_advanced_go,10.298,1,0,0,0,1
clutter_strong,-35.0,12,cfar_custom_datasetv8,10.298,1,0,0,0,1
clutter_strong,-35.0,13,cfar_numpy_go,8.072,1,4,0,4,1
clutter_strong,-35.0,13,cfar_advanced_go,8.072,1,0,0,0,1
clutter_strong,-35.0,13,cfar_custom_datasetv8,8.072,1,0,0,0,1
clutter_strong,-35.0,14,cfar_numpy_go,8.125,1,3,0,3,1
clutter_strong,-35.0,14,cfar_advanced_go,8.125,1,0,0,0,1
clutter_strong,-35.0,14,cfar_custom_datasetv8,8.125,1,0,0,0,1
clutter_strong,-35.0,15,cfar_numpy_go,10.473,1,4,0,4,1
clutter_strong,-35.0,15,cfar_advanced_go,10.473,1,0,0,0,1
clutter_strong,-35.0,15,cfar_custom_datasetv8,10.473,1,0,0,0,1
clutter_strong,-30.0,0,cfar_numpy_go,10.113,1,7,0,7,1
clutter_strong,-30.0,0,cfar_advanced_go,10.113,1,0,0,0,1
clutter_strong,-30.0,0,cfar_custom_datasetv8,10.113,1,0,0,0,1
clutter_strong,-30.0,1,cfar_numpy_go,10.668,1,8,0,8,1
clutter_strong,-30.0,1,cfar_advanced_go,10.668,1,0,0,0,1
clutter_strong,-30.0,1,cfar_custom_datasetv8,10.668,1,0,0,0,1
clutter_strong,-30.0,2,cfar_numpy_go,12.653,1,6,1,5,0
clutter_strong,-30.0,2,cfar_advanced_go,12.653,1,0,0,0,1
clutter_strong,-30.0,2,cfar_custom_datasetv8,12.653,1,0,0,0,1
clutter_strong,-30.0,3,cfar_numpy_go,9.657,1,3,0,3,1
clutter_strong,-30.0,3,cfar_advanced_go,9.657,1,0,0,0,1
clutter_strong,-30.0,3,cfar_custom_datasetv8,9.657,1,0,0,0,1
clutter_strong,-30.0,4,cfar_numpy_go,9.95,1,8,0,8,1
clutter_strong,-30.0,4,cfar_advanced_go,9.95,1,0,0,0,1
clutter_strong,-30.0,4,cfar_custom_datasetv8,9.95,1,0,0,0,1
clutter_strong,-30.0,5,cfar_numpy_go,8.883,1,6,0,6,1
clutter_strong,-30.0,5,cfar_advanced_go,8.883,1,0,0,0,1
clutter_strong,-30.0,5,cfar_custom_datasetv8,8.883,1,0,0,0,1
clutter_strong,-30.0,6,cfar_numpy_go,10.255,1,4,0,4,1
clutter_strong,-30.0,6,cfar_advanced_go,10.255,1,0,0,0,1
clutter_strong,-30.0,6,cfar_custom_datasetv8,10.255,1,0,0,0,1
clutter_strong,-30.0,7,cfar_numpy_go,9.41,1,8,0,8,1
clutter_strong,-30.0,7,cfar_advanced_go,9.41,1,0,0,0,1
clutter_strong,-30.0,7,cfar_custom_datasetv8,9.41,1,0,0,0,1
clutter_strong,-30.0,8,cfar_numpy_go,7.582,1,5,0,5,1
clutter_strong,-30.0,8,cfar_advanced_go,7.582,1,0,0,0,1
clutter_strong,-30.0,8,cfar_custom_datasetv8,7.582,1,0,0,0,1
clutter_strong,-30.0,9,cfar_numpy_go,7.962,1,5,0,5,1
clutter_strong,-30.0,9,cfar_advanced_go,7.962,1,0,0,0,1
clutter_strong,-30.0,9,cfar_custom_datasetv8,7.962,1,0,0,0,1
clutter_strong,-30.0,10,cfar_numpy_go,12.27,1,5,1,4,0
clutter_strong,-30.0,10,cfar_advanced_go,12.27,1,0,0,0,1
clutter_strong,-30.0,10,cfar_custom_datasetv8,12.27,1,0,0,0,1
clutter_strong,-30.0,11,cfar_numpy_go,11.124,1,2,0,2,1
clutter_strong,-30.0,11,cfar_advanced_go,11.124,1,0,0,0,1
clutter_strong,-30.0,11,cfar_custom_datasetv8,11.124,1,0,0,0,1
clutter_strong,-30.0,12,cfar_numpy_go,10.791,1,6,0,6,1
clutter_strong,-30.0,12,cfar_advanced_go,10.791,1,0,0,0,1
clutter_strong,-30.0,12,cfar_custom_datasetv8,10.791,1,0,0,0,1
clutter_strong,-30.0,13,cfar_numpy_go,8.672,1,8,0,8,1
clutter_strong,-30.0,13,cfar_advanced_go,8.672,1,0,0,0,1
clutter_strong,-30.0,13,cfar_custom_datasetv8,8.672,1,0,0,0,1
clutter_strong,-30.0,14,cfar_numpy_go,10.065,1,3,0,3,1
clutter_strong,-30.0,14,cfar_advanced_go,10.065,1,0,0,0,1
clutter_strong,-30.0,14,cfar_custom_datasetv8,10.065,1,0,0,0,1
clutter_strong,-30.0,15,cfar_numpy_go,10.236,1,7,0,7,1
clutter_strong,-30.0,15,cfar_advanced_go,10.236,1,0,0,0,1
clutter_strong,-30.0,15,cfar_custom_datasetv8,10.236,1,0,0,0,1
clutter_strong,-25.0,0,cfar_numpy_go,15.134,1,5,1,4,0
clutter_strong,-25.0,0,cfar_advanced_go,15.134,1,0,0,0,1
clutter_strong,-25.0,0,cfar_custom_datasetv8,15.134,1,1,1,0,0
clutter_strong,-25.0,1,cfar_numpy_go,15.539,1,3,1,2,0
clutter_strong,-25.0,1,cfar_advanced_go,15.539,1,0,0,0,1
clutter_strong,-25.0,1,cfar_custom_datasetv8,15.539,1,1,1,0,0
clutter_strong,-25.0,2,cfar_numpy_go,15.749,1,6,1,5,0
clutter_strong,-25.0,2,cfar_advanced_go,15.749,1,0,0,0,1
clutter_strong,-25.0,2,cfar_custom_datasetv8,15.749,1,1,1,0,0
clutter_strong,-25.0,3,cfar_numpy_go,10.453,1,6,0,6,1
clutter_strong,-25.0,3,cfar_advanced_go,10.453,1,0,0,0,1
clutter_strong,-25.0,3,cfar_custom_datasetv8,10.453,1,0,0,0,1
clutter_strong,-25.0,4,cfar_numpy_go,9.329,1,10,0,10,1
clutter_strong,-25.0,4,cfar_advanced_go,9.329,1,0,0,0,1
clutter_strong,-25.0,4,cfar_custom_datasetv8,9.329,1,0,0,0,1
clutter_strong,-25.0,5,cfar_numpy_go,11.241,1,10,0,10,1
clutter_strong,-25.0,5,cfar_advanced_go,11.241,1,0,0,0,1
clutter_strong,-25.0,5,cfar_custom_datasetv8,11.241,1,0,0,0,1
clutter_strong,-25.0,6,cfar_numpy_go,14.421,1,7,1,6,0
clutter_strong,-25.0,6,cfar_advanced_go,14.421,1,0,0,0,1
clutter_strong,-25.0,6,cfar_custom_datasetv8,14.421,1,1,1,0,0
clutter_strong,-25.0,7,cfar_numpy_go,14.737,1,7,1,6,0
clutter_strong,-25.0,7,cfar_advanced_go,14.737,1,0,0,0,1
clutter_strong,-25.0,7,cfar_custom_datasetv8,14.737,1,1,1,0,0
clutter_strong,-25.0,8,cfar_numpy_go,9.147,1,5,0,5,1
clutter_strong,-25.0,8,cfar_advanced_go,9.147,1,0,0,0,1
clutter_strong,-25.0,8,cfar_custom_datasetv8,9.147,1,0,0,0,1
clutter_strong,-25.0,9,cfar_numpy_go,8.65,1,4,0,4,1
clutter_strong,-25.0,9,cfar_advanced_go,8.65,1,0,0,0,1
clutter_strong,-25.0,9,cfar_custom_datasetv8,8.65,1,0,0,0,1
clutter_strong,-25.0,10,cfar_numpy_go,16.77,1,11,1,10,0
clutter_strong,-25.0,10,cfar_advanced_go,16.77,1,0,0,0,1
clutter_strong,-25.0,10,cfar_custom_datasetv8,16.77,1,1,1,0,0
clutter_strong,-25.0,11,cfar_numpy_go,10.632,1,9,0,9,1
clutter_strong,-25.0,11,cfar_advanced_go,10.632,1,0,0,0,1
clutter_strong,-25.0,11,cfar_custom_datasetv8,10.632,1,0,0,0,1
clutter_strong,-25.0,12,cfar_numpy_go,12.527,1,9,1,8,0
clutter_strong,-25.0,12,cfar_advanced_go,12.527,1,0,0,0,1
clutter_strong,-25.0,12,cfar_custom_datasetv8,12.527,1,0,0,0,1
clutter_strong,-25.0,13,cfar_numpy_go,13.234,1,8,1,7,0
clutter_strong,-25.0,13,cfar_advanced_go,13.234,1,0,0,0,1
clutter_strong,-25.0,13,cfar_custom_datasetv8,13.234,1,0,0,0,1
clutter_strong,-25.0,14,cfar_numpy_go,11.249,1,6,0,6,1
clutter_strong,-25.0,14,cfar_advanced_go,11.249,1,0,0,0,1
clutter_strong,-25.0,14,cfar_custom_datasetv8,11.249,1,0,0,0,1
clutter_strong,-25.0,15,cfar_numpy_go,11.054,1,5,0,5,1
clutter_strong,-25.0,15,cfar_advanced_go,11.054,1,0,0,0,1
clutter_strong,-25.0,15,cfar_custom_datasetv8,11.054,1,0,0,0,1
clutter_strong,-20.0,0,cfar_numpy_go,16.832,1,9,1,8,0
clutter_strong,-20.0,0,cfar_advanced_go,16.832,1,0,0,0,1
clutter_strong,-20.0,0,cfar_custom_datasetv8,16.832,1,1,1,0,0
clutter_strong,-20.0,1,cfar_numpy_go,19.132,1,8,1,7,0
clutter_strong,-20.0,1,cfar_advanced_go,19.132,1,1,1,0,0
clutter_strong,-20.0,1,cfar_custom_datasetv8,19.132,1,1,1,0,0
clutter_strong,-20.0,2,cfar_numpy_go,20.338,1,7,1,6,0
clutter_strong,-20.0,2,cfar_advanced_go,20.338,1,1,1,0,0
clutter_strong,-20.0,2,cfar_custom_datasetv8,20.338,1,1,1,0,0
clutter_strong,-20.0,3,cfar_numpy_go,14.23,1,12,1,11,0
clutter_strong,-20.0,3,cfar_advanced_go,14.23,1,0,0,0,1
clutter_strong,-20.0,3,cfar_custom_datasetv8,14.23,1,1,1,0,0
clutter_strong,-20.0,4,cfar_numpy_go,10.772,1,7,0,7,1
clutter_strong,-20.0,4,cfar_advanced_go,10.772,1,0,0,0,1
clutter_strong,-20.0,4,cfar_custom_datasetv8,10.772,1,1,0,1,1
clutter_strong,-20.0,5,cfar_numpy_go,12.866,1,9,1,8,0
clutter_strong,-20.0,5,cfar_advanced_go,12.866,1,0,0,0,1
clutter_strong,-20.0,5,cfar_custom_datasetv8,12.866,1,1,0,1,1
clutter_strong,-20.0,6,cfar_numpy_go,19.133,1,4,1,3,0
clutter_strong,-20.0,6,cfar_advanced_go,19.133,1,1,1,0,0
clutter_strong,-20.0,6,cfar_custom_datasetv8,19.133,1,1,1,0,0
clutter_strong,-20.0,7,cfar_numpy_go,19.055,1,11,1,10,0
clutter_strong,-20.0,7,cfar_advanced_go,19.055,1,1,1,0,0
clutter_strong,-20.0,7,cfar_custom_datasetv8,19.055,1,2,1,1,0
clutter_strong,-20.0,8,cfar_numpy_go,12.059,1,5,1,4,0
clutter_strong,-20.0,8,cfar_advanced_go,12.059,1,0,0,0,1
clutter_strong,-20.0,8,cfar_custom_datasetv8,12.059,1,2,0,2,1
clutter_strong,-20.0,9,cfar_numpy_go,9.088,1,10,0,10,1
clutter_strong,-20.0,9,cfar_advanced_go,9.088,1,0,0,0,1
clutter_strong,-20.0,9,cfar_custom_datasetv8,9.088,1,0,0,0,1
clutter_strong,-20.0,10,cfar_numpy_go,19.824,1,9,1,8,0
clutter_strong,-20.0,10,cfar_advanced_go,19.824,1,1,1,0,0
clutter_strong,-20.0,10,cfar_custom_datasetv8,19.824,1,1,1,0,0
clutter_strong,-20.0,11,cfar_numpy_go,14.58,1,15,1,14,0
clutter_strong,-20.0,11,cfar_advanced_go,14.58,1,0,0,0,1
clutter_strong,-20.0,11,cfar_custom_datasetv8,14.58,1,3,1,2,0
clutter_strong,-20.0,12,cfar_numpy_go,14.433,1,7,1,6,0
clutter_strong,-20.0,12,cfar_advanced_go,14.433,1,0,0,0,1
clutter_strong,-20.0,12,cfar_custom_datasetv8,14.433,1,1,1,0,0
clutter_strong,-20.0,13,cfar_numpy_go,12.598,1,6,1,5,0
clutter_strong,-20.0,13,cfar_advanced_go,12.598,1,0,0,0,1
clutter_strong,-20.0,13,cfar_custom_datasetv8,12.598,1,1,0,1,1
clutter_strong,-20.0,14,cfar_numpy_go,15.52,1,7,1,6,0
clutter_strong,-20.0,14,cfar_advanced_go,15.52,1,0,0,0,1
clutter_strong,-20.0,14,cfar_custom_datasetv8,15.52,1,2,1,1,0
clutter_strong,-20.0,15,cfar_numpy_go,12.176,1,4,1,3,0
clutter_strong,-20.0,15,cfar_advanced_go,12.176,1,0,0,0,1
clutter_strong,-20.0,15,cfar_custom_datasetv8,12.176,1,0,0,0,1
clutter_strong,-15.0,0,cfar_numpy_go,22.317,1,11,1,10,0
clutter_strong,-15.0,0,cfar_advanced_go,22.317,1,3,1,2,0
clutter_strong,-15.0,0,cfar_custom_datasetv8,22.317,1,3,1,2,0
clutter_strong,-15.0,1,cfar_numpy_go,22.917,1,9,1,8,0
clutter_strong,-15.0,1,cfar_advanced_go,22.917,1,2,1,1,0
clutter_strong,-15.0,1,cfar_custom_datasetv8,22.917,1,2,1,1,0
clutter_strong,-15.0,2,cfar_numpy_go,26.284,1,10,1,9,0
clutter_strong,-15.0,2,cfar_advanced_go,26.284,1,1,1,0,0
clutter_strong,-15.0,2,cfar_custom_datasetv8,26.284,1,3,1,2,0
clutter_strong,-15.0,3,cfar_numpy_go,18.818,1,16,1,15,0
clutter_strong,-15.0,3,cfar_advanced_go,18.818,1,1,0,1,1
clutter_strong,-15.0,3,cfar_custom_datasetv8,18.818,1,6,1,5,0
clutter_strong,-15.0,4,cfar_numpy_go,17.155,1,16,1,15,0
clutter_strong,-15.0,4,cfar_advanced_go,17.155,1,1,0,1,1
clutter_strong,-15.0,4,cfar_custom_datasetv8,17.155,1,5,1,4,0
clutter_strong,-15.0,5,cfar_numpy_go,16.403,1,17,1,16,0
clutter_strong,-15.0,5,cfar_advanced_go,16.403,1,2,0,2,1
clutter_strong,-15.0,5,cfar_custom_datasetv8,16.403,1,5,1,4,0
clutter_strong,-15.0,6,cfar_numpy_go,24.011,1,11,1,10,0
clutter_strong,-15.0,6,cfar_advanced_go,24.011,1,1,1,0,0
clutter_strong,-15.0,6,cfar_custom_datasetv8,24.011,1,2,1,1,0
clutter_strong,-15.0,7,cfar_numpy_go,24.164,1,13,1,12,0
clutter_strong,-15.0,7,cfar_advanced_go,24.164,1,1,1,0,0
clutter_strong,-15.0,7,cfar_custom_datasetv8,24.164,1,6,1,5,0
clutter_strong,-15.0,8,cfar_numpy_go,17.666,1,13,1,12,0
clutter_strong,-15.0,8,cfar_advanced_go,17.666,1,2,0,2,1
clutter_strong,-15.0,8,cfar_custom_datasetv8,17.666,1,5,1,4,0
clutter_strong,-15.0,9,cfar_numpy_go,14.398,1,15,0,15,1
clutter_strong,-15.0,9,cfar_advanced_go,14.398,1,0,0,0,1
clutter_strong,-15.0,9,cfar_custom_datasetv8,14.398,1,6,0,6,1
clutter_strong,-15.0,10,cfar_numpy_go,26.386,1,12,1,11,0
clutter_strong,-15.0,10,cfar_advanced_go,26.386,1,1,1,0,0
clutter_strong,-15.0,10,cfar_custom_datasetv8,26.386,1,5,1,4,0
clutter_strong,-15.0,11,cfar_numpy_go,17.893,1,11,1,10,0
clutter_strong,-15.0,11,cfar_advanced_go,17.893,1,1,0,1,1
clutter_strong,-15.0,11,cfar_custom_datasetv8,17.893,1,5,1,4,0
clutter_strong,-15.0,12,cfar_numpy_go,18.094,1,12,1,11,0
clutter_strong,-15.0,12,cfar_advanced_go,18.094,1,0,0,0,1
clutter_strong,-15.0,12,cfar_custom_datasetv8,18.094,1,3,1,2,0
clutter_strong,-15.0,13,cfar_numpy_go,18.878,1,6,1,5,0
clutter_strong,-15.0,13,cfar_advanced_go,18.878,1,2,1,1,0
clutter_strong,-15.0,13,cfar_custom_datasetv8,18.878,1,3,1,2,0
clutter_strong,-15.0,14,cfar_numpy_go,21.634,1,12,1,11,0
clutter_strong,-15.0,14,cfar_advanced_go,21.634,1,2,1,1,0
clutter_strong,-15.0,14,cfar_custom_datasetv8,21.634,1,2,1,1,0
clutter_strong,-15.0,15,cfar_numpy_go,15.314,1,12,1,11,0
clutter_strong,-15.0,15,cfar_advanced_go,15.314,1,0,0,0,1
clutter_strong,-15.0,15,cfar_custom_datasetv8,15.314,1,3,1,2,0
