config,snr_db,target_bin_snr_db,mean_peak_snr_db,frames,ground_truth_targets,true_positives,false_positives,false_negatives,pd,false_alarms_per_frame,false_alarm_rate_per_cell,eligible_cells_per_frame,range_rmse_m,velocity_rmse_mps
cfar_custom_datasetv8__train10_guard0_nms5_zp2_nc64_looks1_mtd0,-45.0,1.5330186910157486,9.34988486369088,32,32,1,137,31,0.03125,4.28125,0.00010089672888386123,42432,0.03353709974151542,0.10082131929955196
cfar_custom_datasetv8__train10_guard0_nms5_zp2_nc64_looks1_mtd0,-43.5,-4.353757229370373,9.08191810187503,32,32,0,125,32,0.0,3.90625,9.205905920060332e-05,42432,nan,nan
cfar_custom_datasetv8__train10_guard0_nms5_zp2_nc64_looks1_mtd0,-42.0,1.782855340485182,9.035623386353011,32,32,0,129,32,0.0,4.03125,9.500494909502263e-05,42432,nan,nan
cfar_custom_datasetv8__train10_guard0_nms5_zp2_nc64_looks1_mtd0,-40.5,2.818461291211033,9.070746966405554,32,32,0,117,32,0.0,3.65625,8.616727941176471e-05,42432,nan,nan
cfar_custom_datasetv8__train10_guard0_nms5_zp2_nc64_looks1_mtd0,-39.0,4.480646752685012,9.50553269309506,32,32,0,140,32,0.0,4.375,0.00010310614630467572,42432,nan,nan
cfar_custom_datasetv8__train10_guard0_nms5_zp2_nc64_looks1_mtd0,-37.5,5.848805989772927,10.135615481044477,32,32,3,128,29,0.09375,4.0,9.42684766214178e-05,42432,0.08925219537439759,0.13120185017956232
cfar_custom_datasetv8__train10_guard0_nms5_zp2_nc64_looks1_mtd0,-36.0,7.462469808955113,11.103235842952383,32,32,13,142,19,0.40625,4.4375,0.00010457909125188536,42432,0.07692276190557983,0.23595520952594592
cfar_custom_datasetv8__train10_guard0_nms5_zp2_nc64_looks1_mtd0,-34.5,9.063444778981731,12.103247786526982,32,32,21,144,11,0.65625,4.5,0.00010605203619909503,42432,0.07872669442329219,0.20369575215322047
cfar_custom_datasetv8__train10_guard0_nms5_zp2_nc64_looks1_mtd0,-33.0,10.34096680865231,12.587885340509846,32,32,24,122,8,0.75,3.8125,8.984964177978884e-05,42432,0.06635364639893053,0.18339878808905752
cfar_custom_datasetv8__train10_guard0_nms5_zp2_nc64_looks1_mtd0,-31.5,12.700121319035208,14.557728032838616,32,32,32,148,0,1.0,4.625,0.00010899792609351433,42432,0.06505979942098047,0.16669469234803952
cfar_custom_datasetv8__train10_guard0_nms5_zp2_nc64_looks1_mtd0,-30.0,13.682321400560602,15.729857716461254,32,32,32,129,0,1.0,4.03125,9.500494909502263e-05,42432,0.06730262152280991,0.1687768942244143
cfar_custom_datasetv8__train10_guard0_nms5_zp2_nc64_looks1_mtd0,-28.5,14.944120422181438,16.84219936568436,32,32,32,141,0,1.0,4.40625,0.00010384261877828054,42432,0.06621903373559314,0.1695389132090884
cfar_custom_datasetv8__train10_guard0_nms5_zp2_nc64_looks1_mtd0,-27.0,16.901696221833234,18.72450928054737,32,32,32,129,0,1.0,4.03125,9.500494909502263e-05,42432,0.06009003941212003,0.14751417592714083
cfar_custom_datasetv8__train10_guard2_nms5_zp2_nc64_looks1_mtd0,-45.0,1.5330186910157486,9.34988486369088,32,32,1,141,31,0.03125,4.40625,0.00010384261877828054,42432,0.03353709974151542,0.10082131929955196
cfar_custom_datasetv8__train10_guard2_nms5_zp2_nc64_looks1_mtd0,-43.5,-4.353757229370373,9.08191810187503,32,32,0,125,32,0.0,3.90625,9.205905920060332e-05,42432,nan,nan
cfar_custom_datasetv8__train10_guard2_nms5_zp2_nc64_looks1_mtd0,-42.0,1.782855340485182,9.035623386353011,32,32,0,122,32,0.0,3.8125,8.984964177978884e-05,42432,nan,nan
cfar_custom_datasetv8__train10_guard2_nms5_zp2_nc64_looks1_mtd0,-40.5,2.818461291211033,9.070746966405554,32,32,0,128,32,0.0,4.0,9.42684766214178e-05,42432,nan,nan
cfar_custom_datasetv8__train10_guard2_nms5_zp2_nc64_looks1_mtd0,-39.0,4.480646752685012,9.50553269309506,32,32,1,137,31,0.03125,4.28125,0.00010089672888386123,42432,0.050686738481637406,0.0861214776637329
cfar_custom_datasetv8__train10_guard2_nms5_zp2_nc64_looks1_mtd0,-37.5,5.848805989772927,10.135615481044477,32,32,4,119,28,0.125,3.71875,8.764022435897436e-05,42432,0.07776024351954315,0.1711904130214231
cfar_custom_datasetv8__train10_guard2_nms5_zp2_nc64_looks1_mtd0,-36.0,7.462469808955113,11.103235842952383,32,32,13,138,19,0.40625,4.3125,0.00010163320135746607,42432,0.07692276190557983,0.23595520952594592
cfar_custom_datasetv8__train10_guard2_nms5_zp2_nc64_looks1_mtd0,-34.5,9.063444778981731,12.103247786526982,32,32,23,132,9,0.71875,4.125,9.72143665158371e-05,42432,0.07584060287803317,0.2006913873869831
cfar_custom_datasetv8__train10_guard2_nms5_zp2_nc64_looks1_mtd0,-33.0,10.34096680865231,12.587885340509846,32,32,25,114,7,0.78125,3.5625,8.395786199095023e-05,42432,0.0671669533737267,0.1862383955274388
cfar_custom_datasetv8__train10_guard2_nms5_zp2_nc64_looks1_mtd0,-31.5,12.700121319035208,14.557728032838616,32,32,32,127,0,1.0,3.96875,9.353200414781298e-05,42432,0.06505979942098047,0.16669469234803952
cfar_custom_datasetv8__train10_guard2_nms5_zp2_nc64_looks1_mtd0,-30.0,13.682321400560602,15.729857716461254,32,32,32,126,0,1.0,3.9375,9.279553167420814e-05,42432,0.06730262152280991,0.1687768942244143
cfar_custom_datasetv8__train10_guard2_nms5_zp2_nc64_looks1_mtd0,-28.5,14.944120422181438,16.84219936568436,32,32,32,135,0,1.0,4.21875,9.942378393665158e-05,42432,0.06621903373559314,0.1695389132090884
cfar_custom_datasetv8__train10_guard2_nms5_zp2_nc64_looks1_mtd0,-27.0,16.901696221833234,18.72450928054737,32,32,32,128,0,1.0,4.0,9.42684766214178e-05,42432,0.06009003941212003,0.14751417592714083
cfar_custom_datasetv8__train10_guard4_nms5_zp2_nc64_looks1_mtd0,-45.0,1.5330186910157486,9.34988486369088,32,32,1,128,31,0.03125,4.0,9.42684766214178e-05,42432,0.03353709974151542,0.10082131929955196
cfar_custom_datasetv8__train10_guard4_nms5_zp2_nc64_looks1_mtd0,-43.5,-4.353757229370373,9.08191810187503,32,32,0,119,32,0.0,3.71875,8.764022435897436e-05,42432,nan,nan
cfar_custom_datasetv8__train10_guard4_nms5_zp2_nc64_looks1_mtd0,-42.0,1.782855340485182,9.035623386353011,32,32,0,112,32,0.0,3.5,8.248491704374058e-05,42432,nan,nan
cfar_custom_datasetv8__train10_guard4_nms5_zp2_nc64_looks1_mtd0,-40.5,2.818461291211033,9.070746966405554,32,32,1,107,31,0.03125,3.34375,7.880255467571645e-05,42432,0.11728982003140942,0.3110522822402437
cfar_custom_datasetv8__train10_guard4_nms5_zp2_nc64_looks1_mtd0,-39.0,4.480646752685012,9.50553269309506,32,32,2,124,30,0.0625,3.875,9.132258672699849e-05,42432,0.18030808226666348,0.06939450010917594
cfar_custom_datasetv8__train10_guard4_nms5_zp2_nc64_looks1_mtd0,-37.5,5.848805989772927,10.135615481044477,32,32,3,114,29,0.09375,3.5625,8.395786199095023e-05,42432,0.08925219537439759,0.13120185017956232
cfar_custom_datasetv8__train10_guard4_nms5_zp2_nc64_looks1_mtd0,-36.0,7.462469808955113,11.103235842952383,32,32,14,126,18,0.4375,3.9375,9.279553167420814e-05,42432,0.0741264239649821,0.26330255386470913
cfar_custom_datasetv8__train10_guard4_nms5_zp2_nc64_looks1_mtd0,-34.5,9.063444778981731,12.103247786526982,32,32,20,116,12,0.625,3.625,8.543080693815987e-05,42432,0.08023034536871404,0.21412099102811716
cfar_custom_datasetv8__train10_guard4_nms5_zp2_nc64_looks1_mtd0,-33.0,10.34096680865231,12.587885340509846,32,32,26,102,6,0.8125,3.1875,7.512019230769231e-05,42432,0.09279704585439355,0.18368905976814884
cfar_custom_datasetv8__train10_guard4_nms5_zp2_nc64_looks1_mtd0,-31.5,12.700121319035208,14.557728032838616,32,32,31,119,1,0.96875,3.71875,8.764022435897436e-05,42432,0.06570933004049011,0.16648431373656827
cfar_custom_datasetv8__train10_guard4_nms5_zp2_nc64_looks1_mtd0,-30.0,13.682321400560602,15.729857716461254,32,32,32,109,0,1.0,3.40625,8.027549962292609e-05,42432,0.06730262152280991,0.1687768942244143
cfar_custom_datasetv8__train10_guard4_nms5_zp2_nc64_looks1_mtd0,-28.5,14.944120422181438,16.84219936568436,32,32,32,121,0,1.0,3.78125,8.911316930618401e-05,42432,0.06621903373559314,0.1695389132090884
cfar_custom_datasetv8__train10_guard4_nms5_zp2_nc64_looks1_mtd0,-27.0,16.901696221833234,18.72450928054737,32,32,32,114,0,1.0,3.5625,8.395786199095023e-05,42432,0.06009003941212003,0.14751417592714083
cfar_custom_datasetv8__train10_guard6_nms5_zp2_nc64_looks1_mtd0,-45.0,1.5330186910157486,9.34988486369088,32,32,1,132,31,0.03125,4.125,9.72143665158371e-05,42432,0.03353709974151542,0.10082131929955196
cfar_custom_datasetv8__train10_guard6_nms5_zp2_nc64_looks1_mtd0,-43.5,-4.353757229370373,9.08191810187503,32,32,0,133,32,0.0,4.15625,9.795083898944193e-05,42432,nan,nan
cfar_custom_datasetv8__train10_guard6_nms5_zp2_nc64_looks1_mtd0,-42.0,1.782855340485182,9.035623386353011,32,32,0,133,32,0.0,4.15625,9.795083898944193e-05,42432,nan,nan
cfar_custom_datasetv8__train10_guard6_nms5_zp2_nc64_looks1_mtd0,-40.5,2.818461291211033,9.070746966405554,32,32,0,121,32,0.0,3.78125,8.911316930618401e-05,42432,nan,nan
cfar_custom_datasetv8__train10_guard6_nms5_zp2_nc64_looks1_mtd0,-39.0,4.480646752685012,9.50553269309506,32,32,2,135,30,0.0625,4.21875,9.942378393665158e-05,42432,0.18030808226666348,0.06939450010917594
cfar_custom_datasetv8__train10_guard6_nms5_zp2_nc64_looks1_mtd0,-37.5,5.848805989772927,10.135615481044477,32,32,3,120,29,0.09375,3.75,8.837669683257918e-05,42432,0.08925219537439759,0.13120185017956232
cfar_custom_datasetv8__train10_guard6_nms5_zp2_nc64_looks1_mtd0,-36.0,7.462469808955113,11.103235842952383,32,32,13,142,19,0.40625,4.4375,0.00010457909125188536,42432,0.07542646190550113,0.2706400502053177
cfar_custom_datasetv8__train10_guard6_nms5_zp2_nc64_looks1_mtd0,-34.5,9.063444778981731,12.103247786526982,32,32,22,139,10,0.6875,4.34375,0.00010236967383107089,42432,0.08313426794214776,0.20510525402014718
cfar_custom_datasetv8__train10_guard6_nms5_zp2_nc64_looks1_mtd0,-33.0,10.34096680865231,12.587885340509846,32,32,27,118,5,0.84375,3.6875,8.690375188536954e-05,42432,0.08581792387417453,0.18182560278774745
cfar_custom_datasetv8__train10_guard6_nms5_zp2_nc64_looks1_mtd0,-31.5,12.700121319035208,14.557728032838616,32,32,31,135,1,0.96875,4.21875,9.942378393665158e-05,42432,0.06570933004049011,0.16648431373656827
cfar_custom_datasetv8__train10_guard6_nms5_zp2_nc64_looks1_mtd0,-30.0,13.682321400560602,15.729857716461254,32,32,32,115,0,1.0,3.59375,8.469433446455505e-05,42432,0.06730262152280991,0.1687768942244143
cfar_custom_datasetv8__train10_guard6_nms5_zp2_nc64_looks1_mtd0,-28.5,14.944120422181438,16.84219936568436,32,32,32,135,0,1.0,4.21875,9.942378393665158e-05,42432,0.06621903373559314,0.1695389132090884
cfar_custom_datasetv8__train10_guard6_nms5_zp2_nc64_looks1_mtd0,-27.0,16.901696221833234,18.72450928054737,32,32,32,122,0,1.0,3.8125,8.984964177978884e-05,42432,0.06009003941212003,0.14751417592714083
cfar_custom_datasetv8__train10_guard8_nms5_zp2_nc64_looks1_mtd0,-45.0,1.5330186910157486,9.34988486369088,32,32,1,128,31,0.03125,4.0,9.42684766214178e-05,42432,0.03353709974151542,0.10082131929955196
cfar_custom_datasetv8__train10_guard8_nms5_zp2_nc64_looks1_mtd0,-43.5,-4.353757229370373,9.08191810187503,32,32,0,136,32,0.0,4.25,0.00010016025641025641,42432,nan,nan
cfar_custom_datasetv8__train10_guard8_nms5_zp2_nc64_looks1_mtd0,-42.0,1.782855340485182,9.035623386353011,32,32,0,133,32,0.0,4.15625,9.795083898944193e-05,42432,nan,nan
cfar_custom_datasetv8__train10_guard8_nms5_zp2_nc64_looks1_mtd0,-40.5,2.818461291211033,9.070746966405554,32,32,0,120,32,0.0,3.75,8.837669683257918e-05,42432,nan,nan
cfar_custom_datasetv8__train10_guard8_nms5_zp2_nc64_looks1_mtd0,-39.0,4.480646752685012,9.50553269309506,32,32,3,129,29,0.09375,4.03125,9.500494909502263e-05,42432,0.14971582764337482,0.05950610533585862
cfar_custom_datasetv8__train10_guard8_nms5_zp2_nc64_looks1_mtd0,-37.5,5.848805989772927,10.135615481044477,32,32,4,125,28,0.125,3.90625,9.205905920060332e-05,42432,0.07776024351954315,0.1711904130214231
cfar_custom_datasetv8__train10_guard8_nms5_zp2_nc64_looks1_mtd0,-36.0,7.462469808955113,11.103235842952383,32,32,15,140,17,0.46875,4.375,0.00010310614630467572,42432,0.07605305967803729,0.2759285132267966
cfar_custom_datasetv8__train10_guard8_nms5_zp2_nc64_looks1_mtd0,-34.5,9.063444778981731,12.103247786526982,32,32,23,129,9,0.71875,4.03125,9.500494909502263e-05,42432,0.0971607964359397,0.20203122346170188
cfar_custom_datasetv8__train10_guard8_nms5_zp2_nc64_looks1_mtd0,-33.0,10.34096680865231,12.587885340509846,32,32,26,115,6,0.8125,3.59375,8.469433446455505e-05,42432,0.08405055860315513,0.18368905976814884
cfar_custom_datasetv8__train10_guard8_nms5_zp2_nc64_looks1_mtd0,-31.5,12.700121319035208,14.557728032838616,32,32,32,141,0,1.0,4.40625,0.00010384261877828054,42432,0.06505979942098047,0.16669469234803952
cfar_custom_datasetv8__train10_guard8_nms5_zp2_nc64_looks1_mtd0,-30.0,13.682321400560602,15.729857716461254,32,32,32,122,0,1.0,3.8125,8.984964177978884e-05,42432,0.06730262152280991,0.1687768942244143
cfar_custom_datasetv8__train10_guard8_nms5_zp2_nc64_looks1_mtd0,-28.5,14.944120422181438,16.84219936568436,32,32,32,141,0,1.0,4.40625,0.00010384261877828054,42432,0.06621903373559314,0.1695389132090884
cfar_custom_datasetv8__train10_guard8_nms5_zp2_nc64_looks1_mtd0,-27.0,16.901696221833234,18.72450928054737,32,32,32,115,0,1.0,3.59375,8.469433446455505e-05,42432,0.06009003941212003,0.14751417592714083
cfar_custom_datasetv8__train10_guard12_nms5_zp2_nc64_looks1_mtd0,-45.0,1.5330186910157486,9.34988486369088,32,32,2,139,30,0.0625,4.34375,0.00010236967383107089,42432,0.09549786216953528,0.07252934243769721
cfar_custom_datasetv8__train10_guard12_nms5_zp2_nc64_looks1_mtd0,-43.5,-4.353757229370373,9.08191810187503,32,32,0,128,32,0.0,4.0,9.42684766214178e-05,42432,nan,nan
cfar_custom_datasetv8__train10_guard12_nms5_zp2_nc64_looks1_mtd0,-42.0,1.782855340485182,9.035623386353011,32,32,0,132,32,0.0,4.125,9.72143665158371e-05,42432,nan,nan
cfar_custom_datasetv8__train10_guard12_nms5_zp2_nc64_looks1_mtd0,-40.5,2.818461291211033,9.070746966405554,32,32,1,123,31,0.03125,3.84375,9.058611425339367e-05,42432,0.11728982003140942,0.3110522822402437
cfar_custom_datasetv8__train10_guard12_nms5_zp2_nc64_looks1_mtd0,-39.0,4.480646752685012,9.50553269309506,32,32,2,131,30,0.0625,4.09375,9.647789404223227e-05,42432,0.18030808226666348,0.06939450010917594
cfar_custom_datasetv8__train10_guard12_nms5_zp2_nc64_looks1_mtd0,-37.5,5.848805989772927,10.135615481044477,32,32,4,117,28,0.125,3.65625,8.616727941176471e-05,42432,0.08241785548900948,0.16544762900707724
cfar_custom_datasetv8__train10_guard12_nms5_zp2_nc64_looks1_mtd0,-36.0,7.462469808955113,11.103235842952383,32,32,14,144,18,0.4375,4.5,0.00010605203619909503,42432,0.0741264239649821,0.26330255386470913
cfar_custom_datasetv8__train10_guard12_nms5_zp2_nc64_looks1_mtd0,-34.5,9.063444778981731,12.103247786526982,32,32,24,131,8,0.75,4.09375,9.647789404223227e-05,42432,0.09766052798175752,0.19903547708632874
cfar_custom_datasetv8__train10_guard12_nms5_zp2_nc64_looks1_mtd0,-33.0,10.34096680865231,12.587885340509846,32,32,27,121,5,0.84375,3.78125,8.911316930618401e-05,42432,0.08273449457761065,0.1829899138424475
cfar_custom_datasetv8__train10_guard12_nms5_zp2_nc64_looks1_mtd0,-31.5,12.700121319035208,14.557728032838616,32,32,31,135,1,0.96875,4.21875,9.942378393665158e-05,42432,0.06570933004049011,0.16648431373656827
cfar_custom_datasetv8__train10_guard12_nms5_zp2_nc64_looks1_mtd0,-30.0,13.682321400560602,15.729857716461254,32,32,32,122,0,1.0,3.8125,8.984964177978884e-05,42432,0.06730262152280991,0.1687768942244143
cfar_custom_datasetv8__train10_guard12_nms5_zp2_nc64_looks1_mtd0,-28.5,14.944120422181438,16.84219936568436,32,32,32,140,0,1.0,4.375,0.00010310614630467572,42432,0.06621903373559314,0.1695389132090884
cfar_custom_datasetv8__train10_guard12_nms5_zp2_nc64_looks1_mtd0,-27.0,16.901696221833234,18.72450928054737,32,32,32,115,0,1.0,3.59375,8.469433446455505e-05,42432,0.06009003941212003,0.14751417592714083
cfar_custom_datasetv8__train2_guard4_nms5_zp2_nc64_looks1_mtd0,-45.0,1.5330186910157486,9.34988486369088,32,32,2,137,30,0.0625,4.28125,0.00010089672888386123,42432,0.08074761213577829,0.14376134945209362
cfar_custom_datasetv8__train2_guard4_nms5_zp2_nc64_looks1_mtd0,-43.5,-4.353757229370373,9.08191810187503,32,32,0,136,32,0.0,4.25,0.00010016025641025641,42432,nan,nan
cfar_custom_datasetv8__train2_guard4_nms5_zp2_nc64_looks1_mtd0,-42.0,1.782855340485182,9.035623386353011,32,32,1,141,31,0.03125,4.40625,0.00010384261877828054,42432,0.03353709974151542,0.10082131929955196
cfar_custom_datasetv8__train2_guard4_nms5_zp2_nc64_looks1_mtd0,-40.5,2.818461291211033,9.070746966405554,32,32,0,111,32,0.0,3.46875,8.174844457013574e-05,42432,nan,nan
cfar_custom_datasetv8__train2_guard4_nms5_zp2_nc64_looks1_mtd0,-39.0,4.480646752685012,9.50553269309506,32,32,0,163,32,0.0,5.09375,0.00012004501319758672,42432,nan,nan
cfar_custom_datasetv8__train2_guard4_nms5_zp2_nc64_looks1_mtd0,-37.5,5.848805989772927,10.135615481044477,32,32,3,116,29,0.09375,3.625,8.543080693815987e-05,42432,0.06752089296518529,0.16600379320930445
cfar_custom_datasetv8__train2_guard4_nms5_zp2_nc64_looks1_mtd0,-36.0,7.462469808955113,11.103235842952383,32,32,7,129,25,0.21875,4.03125,9.500494909502263e-05,42432,0.0863138096955524,0.23853666634700016
cfar_custom_datasetv8__train2_guard4_nms5_zp2_nc64_looks1_mtd0,-34.5,9.063444778981731,12.103247786526982,32,32,15,122,17,0.46875,3.8125,8.984964177978884e-05,42432,0.07671766681552257,0.22474770957076473
cfar_custom_datasetv8__train2_guard4_nms5_zp2_nc64_looks1_mtd0,-33.0,10.34096680865231,12.587885340509846,32,32,18,118,14,0.5625,3.6875,8.690375188536954e-05,42432,0.06265155953182243,0.1479367986209803
cfar_custom_datasetv8__train2_guard4_nms5_zp2_nc64_looks1_mtd0,-31.5,12.700121319035208,14.557728032838616,32,32,31,141,1,0.96875,4.40625,0.00010384261877828054,42432,0.06596173368098415,0.16726651115332702
cfar_custom_datasetv8__train2_guard4_nms5_zp2_nc64_looks1_mtd0,-30.0,13.682321400560602,15.729857716461254,32,32,31,141,1,0.96875,4.40625,0.00010384261877828054,42432,0.06837534083768373,0.16848878758166302
cfar_custom_datasetv8__train2_guard4_nms5_zp2_nc64_looks1_mtd0,-28.5,14.944120422181438,16.84219936568436,32,32,32,125,0,1.0,3.90625,9.205905920060332e-05,42432,0.06621903373559314,0.1695389132090884
cfar_custom_datasetv8__train2_guard4_nms5_zp2_nc64_looks1_mtd0,-27.0,16.901696221833234,18.72450928054737,32,32,32,128,0,1.0,4.0,9.42684766214178e-05,42432,0.06009003941212003,0.14751417592714083
cfar_custom_datasetv8__train4_guard4_nms5_zp2_nc64_looks1_mtd0,-45.0,1.5330186910157486,9.34988486369088,32,32,2,141,30,0.0625,4.40625,0.00010384261877828054,42432,0.09549786216953528,0.07252934243769721
cfar_custom_datasetv8__train4_guard4_nms5_zp2_nc64_looks1_mtd0,-43.5,-4.353757229370373,9.08191810187503,32,32,0,141,32,0.0,4.40625,0.00010384261877828054,42432,nan,nan
cfar_custom_datasetv8__train4_guard4_nms5_zp2_nc64_looks1_mtd0,-42.0,1.782855340485182,9.035623386353011,32,32,0,127,32,0.0,3.96875,9.353200414781298e-05,42432,nan,nan
cfar_custom_datasetv8__train4_guard4_nms5_zp2_nc64_looks1_mtd0,-40.5,2.818461291211033,9.070746966405554,32,32,0,123,32,0.0,3.84375,9.058611425339367e-05,42432,nan,nan
cfar_custom_datasetv8__train4_guard4_nms5_zp2_nc64_looks1_mtd0,-39.0,4.480646752685012,9.50553269309506,32,32,2,144,30,0.0625,4.5,0.00010605203619909503,42432,0.048947030233530454,0.06484074853403109
cfar_custom_datasetv8__train4_guard4_nms5_zp2_nc64_looks1_mtd0,-37.5,5.848805989772927,10.135615481044477,32,32,4,121,28,0.125,3.78125,8.911316930618401e-05,42432,0.08241785548900948,0.16544762900707724
cfar_custom_datasetv8__train4_guard4_nms5_zp2_nc64_looks1_mtd0,-36.0,7.462469808955113,11.103235842952383,32,32,10,136,22,0.3125,4.25,0.00010016025641025641,42432,0.0847155963971994,0.258929535905873
cfar_custom_datasetv8__train4_guard4_nms5_zp2_nc64_looks1_mtd0,-34.5,9.063444778981731,12.103247786526982,32,32,21,147,11,0.65625,4.59375,0.0001082614536199095,42432,0.07840733453769726,0.20900125866342892
cfar_custom_datasetv8__train4_guard4_nms5_zp2_nc64_looks1_mtd0,-33.0,10.34096680865231,12.587885340509846,32,32,24,130,8,0.75,4.0625,9.574142156862745e-05,42432,0.09285766512886318,0.16405726030317105
cfar_custom_datasetv8__train4_guard4_nms5_zp2_nc64_looks1_mtd0,-31.5,12.700121319035208,14.557728032838616,32,32,32,130,0,1.0,4.0625,9.574142156862745e-05,42432,0.06505979942098047,0.16669469234803952
cfar_custom_datasetv8__train4_guard4_nms5_zp2_nc64_looks1_mtd0,-30.0,13.682321400560602,15.729857716461254,32,32,32,139,0,1.0,4.34375,0.00010236967383107089,42432,0.06730262152280991,0.1687768942244143
cfar_custom_datasetv8__train4_guard4_nms5_zp2_nc64_looks1_mtd0,-28.5,14.944120422181438,16.84219936568436,32,32,32,129,0,1.0,4.03125,9.500494909502263e-05,42432,0.06621903373559314,0.1695389132090884
cfar_custom_datasetv8__train4_guard4_nms5_zp2_nc64_looks1_mtd0,-27.0,16.901696221833234,18.72450928054737,32,32,32,146,0,1.0,4.5625,0.00010752498114630467,42432,0.06009003941212003,0.14751417592714083
cfar_custom_datasetv8__train6_guard4_nms5_zp2_nc64_looks1_mtd0,-45.0,1.5330186910157486,9.34988486369088,32,32,2,137,30,0.0625,4.28125,0.00010089672888386123,42432,0.09549786216953528,0.07252934243769721
cfar_custom_datasetv8__train6_guard4_nms5_zp2_nc64_looks1_mtd0,-43.5,-4.353757229370373,9.08191810187503,32,32,0,119,32,0.0,3.71875,8.764022435897436e-05,42432,nan,nan
cfar_custom_datasetv8__train6_guard4_nms5_zp2_nc64_looks1_mtd0,-42.0,1.782855340485182,9.035623386353011,32,32,0,128,32,0.0,4.0,9.42684766214178e-05,42432,nan,nan
cfar_custom_datasetv8__train6_guard4_nms5_zp2_nc64_looks1_mtd0,-40.5,2.818461291211033,9.070746966405554,32,32,0,111,32,0.0,3.46875,8.174844457013574e-05,42432,nan,nan
cfar_custom_datasetv8__train6_guard4_nms5_zp2_nc64_looks1_mtd0,-39.0,4.480646752685012,9.50553269309506,32,32,1,144,31,0.03125,4.5,0.00010605203619909503,42432,0.050686738481637406,0.0861214776637329
cfar_custom_datasetv8__train6_guard4_nms5_zp2_nc64_looks1_mtd0,-37.5,5.848805989772927,10.135615481044477,32,32,3,135,29,0.09375,4.21875,9.942378393665158e-05,42432,0.08925219537439759,0.13120185017956232
cfar_custom_datasetv8__train6_guard4_nms5_zp2_nc64_looks1_mtd0,-36.0,7.462469808955113,11.103235842952383,32,32,14,150,18,0.4375,4.6875,0.00011047087104072398,42432,0.0787207047403901,0.25287293106298525
cfar_custom_datasetv8__train6_guard4_nms5_zp2_nc64_looks1_mtd0,-34.5,9.063444778981731,12.103247786526982,32,32,23,147,9,0.71875,4.59375,0.0001082614536199095,42432,0.07584060287803317,0.2006913873869831
cfar_custom_datasetv8__train6_guard4_nms5_zp2_nc64_looks1_mtd0,-33.0,10.34096680865231,12.587885340509846,32,32,25,123,7,0.78125,3.84375,9.058611425339367e-05,42432,0.06510180093418277,0.18685027427445766
cfar_custom_datasetv8__train6_guard4_nms5_zp2_nc64_looks1_mtd0,-31.5,12.700121319035208,14.557728032838616,32,32,32,135,0,1.0,4.21875,9.942378393665158e-05,42432,0.06505979942098047,0.16669469234803952
cfar_custom_datasetv8__train6_guard4_nms5_zp2_nc64_looks1_mtd0,-30.0,13.682321400560602,15.729857716461254,32,32,32,119,0,1.0,3.71875,8.764022435897436e-05,42432,0.06730262152280991,0.1687768942244143
cfar_custom_datasetv8__train6_guard4_nms5_zp2_nc64_looks1_mtd0,-28.5,14.944120422181438,16.84219936568436,32,32,32,135,0,1.0,4.21875,9.942378393665158e-05,42432,0.06621903373559314,0.1695389132090884
cfar_custom_datasetv8__train6_guard4_nms5_zp2_nc64_looks1_mtd0,-27.0,16.901696221833234,18.72450928054737,32,32,32,136,0,1.0,4.25,0.00010016025641025641,42432,0.06009003941212003,0.14751417592714083
cfar_custom_datasetv8__train16_guard4_nms5_zp2_nc64_looks1_mtd0,-45.0,1.5330186910157486,9.34988486369088,32,32,1,136,31,0.03125,4.25,0.00010016025641025641,42432,0.03353709974151542,0.10082131929955196
cfar_custom_datasetv8__train16_guard4_nms5_zp2_nc64_looks1_mtd0,-43.5,-4.353757229370373,9.08191810187503,32,32,0,136,32,0.0,4.25,0.00010016025641025641,42432,nan,nan
cfar_custom_datasetv8__train16_guard4_nms5_zp2_nc64_looks1_mtd0,-42.0,1.782855340485182,9.035623386353011,32,32,0,144,32,0.0,4.5,0.00010605203619909503,42432,nan,nan
cfar_custom_datasetv8__train16_guard4_nms5_zp2_nc64_looks1_mtd0,-40.5,2.818461291211033,9.070746966405554,32,32,1,124,31,0.03125,3.875,9.132258672699849e-05,42432,0.11728982003140942,0.3110522822402437
cfar_custom_datasetv8__train16_guard4_nms5_zp2_nc64_looks1_mtd0,-39.0,4.480646752685012,9.50553269309506,32,32,2,143,30,0.0625,4.46875,0.0001053155637254902,42432,0.18030808226666348,0.06939450010917594
cfar_custom_datasetv8__train16_guard4_nms5_zp2_nc64_looks1_mtd0,-37.5,5.848805989772927,10.135615481044477,32,32,3,126,29,0.09375,3.9375,9.279553167420814e-05,42432,0.08925219537439759,0.13120185017956232
cfar_custom_datasetv8__train16_guard4_nms5_zp2_nc64_looks1_mtd0,-36.0,7.462469808955113,11.103235842952383,32,32,14,142,18,0.4375,4.4375,0.00010457909125188536,42432,0.0741264239649821,0.26330255386470913
cfar_custom_datasetv8__train16_guard4_nms5_zp2_nc64_looks1_mtd0,-34.5,9.063444778981731,12.103247786526982,32,32,23,134,9,0.71875,4.1875,9.868731146304676e-05,42432,0.07584060287803317,0.2006913873869831
cfar_custom_datasetv8__train16_guard4_nms5_zp2_nc64_looks1_mtd0,-33.0,10.34096680865231,12.587885340509846,32,32,26,123,6,0.8125,3.84375,9.058611425339367e-05,42432,0.08405055860315513,0.18368905976814884
cfar_custom_datasetv8__train16_guard4_nms5_zp2_nc64_looks1_mtd0,-31.5,12.700121319035208,14.557728032838616,32,32,32,145,0,1.0,4.53125,0.00010678850867269985,42432,0.06505979942098047,0.16669469234803952
cfar_custom_datasetv8__train16_guard4_nms5_zp2_nc64_looks1_mtd0,-30.0,13.682321400560602,15.729857716461254,32,32,32,126,0,1.0,3.9375,9.279553167420814e-05,42432,0.06730262152280991,0.1687768942244143
cfar_custom_datasetv8__train16_guard4_nms5_zp2_nc64_looks1_mtd0,-28.5,14.944120422181438,16.84219936568436,32,32,32,141,0,1.0,4.40625,0.00010384261877828054,42432,0.06621903373559314,0.1695389132090884
cfar_custom_datasetv8__train16_guard4_nms5_zp2_nc64_looks1_mtd0,-27.0,16.901696221833234,18.72450928054737,32,32,32,123,0,1.0,3.84375,9.058611425339367e-05,42432,0.06009003941212003,0.14751417592714083
cfar_custom_datasetv8__train10_guard4_nms1_zp2_nc64_looks1_mtd0,-45.0,1.5330186910157486,9.34988486369088,32,32,1,127,31,0.03125,3.96875,9.353200414781298e-05,42432,0.03353709974151542,0.10082131929955196
cfar_custom_datasetv8__train10_guard4_nms1_zp2_nc64_looks1_mtd0,-43.5,-4.353757229370373,9.08191810187503,32,32,0,119,32,0.0,3.71875,8.764022435897436e-05,42432,nan,nan
cfar_custom_datasetv8__train10_guard4_nms1_zp2_nc64_looks1_mtd0,-42.0,1.782855340485182,9.035623386353011,32,32,0,112,32,0.0,3.5,8.248491704374058e-05,42432,nan,nan
cfar_custom_datasetv8__train10_guard4_nms1_zp2_nc64_looks1_mtd0,-40.5,2.818461291211033,9.070746966405554,32,32,0,104,32,0.0,3.25,7.659313725490196e-05,42432,nan,nan
cfar_custom_datasetv8__train10_guard4_nms1_zp2_nc64_looks1_mtd0,-39.0,4.480646752685012,9.50553269309506,32,32,2,124,30,0.0625,3.875,9.132258672699849e-05,42432,0.18030808226666348,0.06939450010917594
cfar_custom_datasetv8__train10_guard4_nms1_zp2_nc64_looks1_mtd0,-37.5,5.848805989772927,10.135615481044477,32,32,3,117,29,0.09375,3.65625,8.616727941176471e-05,42432,0.08925219537439759,0.13120185017956232
cfar_custom_datasetv8__train10_guard4_nms1_zp2_nc64_looks1_mtd0,-36.0,7.462469808955113,11.103235842952383,32,32,13,129,19,0.40625,4.03125,9.500494909502263e-05,42432,0.06619572604744056,0.23595520952594592
cfar_custom_datasetv8__train10_guard4_nms1_zp2_nc64_looks1_mtd0,-34.5,9.063444778981731,12.103247786526982,32,32,20,139,12,0.625,4.34375,0.00010236967383107089,42432,0.06655568874117494,0.1698793736594514
cfar_custom_datasetv8__train10_guard4_nms1_zp2_nc64_looks1_mtd0,-33.0,10.34096680865231,12.587885340509846,32,32,26,141,6,0.8125,4.40625,0.00010384261877828054,42432,0.08069302567908761,0.15397705750099455
cfar_custom_datasetv8__train10_guard4_nms1_zp2_nc64_looks1_mtd0,-31.5,12.700121319035208,14.557728032838616,32,32,31,231,1,0.96875,7.21875,0.00017012514140271492,42432,0.04442345539164197,0.14311956149247632
cfar_custom_datasetv8__train10_guard4_nms1_zp2_nc64_looks1_mtd0,-30.0,13.682321400560602,15.729857716461254,32,32,32,250,0,1.0,7.8125,0.00018411811840120663,42432,0.04429179784177043,0.14415047494172348
cfar_custom_datasetv8__train10_guard4_nms1_zp2_nc64_looks1_mtd0,-28.5,14.944120422181438,16.84219936568436,32,32,32,325,0,1.0,10.15625,0.00023935355392156862,42432,0.04429179784177043,0.14415047494172348
cfar_custom_datasetv8__train10_guard4_nms1_zp2_nc64_looks1_mtd0,-27.0,16.901696221833234,18.72450928054737,32,32,32,357,0,1.0,11.15625,0.00026292067307692306,42432,0.04429179784177043,0.14415047494172348
cfar_custom_datasetv8__train10_guard4_nms3_zp2_nc64_looks1_mtd0,-45.0,1.5330186910157486,9.34988486369088,32,32,1,128,31,0.03125,4.0,9.42684766214178e-05,42432,0.03353709974151542,0.10082131929955196
cfar_custom_datasetv8__train10_guard4_nms3_zp2_nc64_looks1_mtd0,-43.5,-4.353757229370373,9.08191810187503,32,32,0,119,32,0.0,3.71875,8.764022435897436e-05,42432,nan,nan
cfar_custom_datasetv8__train10_guard4_nms3_zp2_nc64_looks1_mtd0,-42.0,1.782855340485182,9.035623386353011,32,32,0,111,32,0.0,3.46875,8.174844457013574e-05,42432,nan,nan
cfar_custom_datasetv8__train10_guard4_nms3_zp2_nc64_looks1_mtd0,-40.5,2.818461291211033,9.070746966405554,32,32,1,107,31,0.03125,3.34375,7.880255467571645e-05,42432,0.11728982003140942,0.3110522822402437
cfar_custom_datasetv8__train10_guard4_nms3_zp2_nc64_looks1_mtd0,-39.0,4.480646752685012,9.50553269309506,32,32,2,124,30,0.0625,3.875,9.132258672699849e-05,42432,0.18030808226666348,0.06939450010917594
cfar_custom_datasetv8__train10_guard4_nms3_zp2_nc64_looks1_mtd0,-37.5,5.848805989772927,10.135615481044477,32,32,3,114,29,0.09375,3.5625,8.395786199095023e-05,42432,0.08925219537439759,0.13120185017956232
cfar_custom_datasetv8__train10_guard4_nms3_zp2_nc64_looks1_mtd0,-36.0,7.462469808955113,11.103235842952383,32,32,14,125,18,0.4375,3.90625,9.205905920060332e-05,42432,0.0741264239649821,0.26330255386470913
cfar_custom_datasetv8__train10_guard4_nms3_zp2_nc64_looks1_mtd0,-34.5,9.063444778981731,12.103247786526982,32,32,20,118,12,0.625,3.6875,8.690375188536954e-05,42432,0.09488944128901747,0.19338455341059743
cfar_custom_datasetv8__train10_guard4_nms3_zp2_nc64_looks1_mtd0,-33.0,10.34096680865231,12.587885340509846,32,32,26,103,6,0.8125,3.21875,7.585666478129714e-05,42432,0.09279704585439355,0.18368905976814884
cfar_custom_datasetv8__train10_guard4_nms3_zp2_nc64_looks1_mtd0,-31.5,12.700121319035208,14.557728032838616,32,32,31,120,1,0.96875,3.75,8.837669683257918e-05,42432,0.06570933004049011,0.16648431373656827
cfar_custom_datasetv8__train10_guard4_nms3_zp2_nc64_looks1_mtd0,-30.0,13.682321400560602,15.729857716461254,32,32,32,110,0,1.0,3.4375,8.101197209653092e-05,42432,0.06730262152280991,0.1687768942244143
cfar_custom_datasetv8__train10_guard4_nms3_zp2_nc64_looks1_mtd0,-28.5,14.944120422181438,16.84219936568436,32,32,32,121,0,1.0,3.78125,8.911316930618401e-05,42432,0.06621903373559314,0.1695389132090884
cfar_custom_datasetv8__train10_guard4_nms3_zp2_nc64_looks1_mtd0,-27.0,16.901696221833234,18.72450928054737,32,32,32,114,0,1.0,3.5625,8.395786199095023e-05,42432,0.06009003941212003,0.14751417592714083
cfar_custom_datasetv8__train10_guard4_nms7_zp2_nc64_looks1_mtd0,-45.0,1.5330186910157486,9.34988486369088,32,32,1,128,31,0.03125,4.0,9.42684766214178e-05,42432,0.03353709974151542,0.10082131929955196
cfar_custom_datasetv8__train10_guard4_nms7_zp2_nc64_looks1_mtd0,-43.5,-4.353757229370373,9.08191810187503,32,32,0,119,32,0.0,3.71875,8.764022435897436e-05,42432,nan,nan
cfar_custom_datasetv8__train10_guard4_nms7_zp2_nc64_looks1_mtd0,-42.0,1.782855340485182,9.035623386353011,32,32,0,112,32,0.0,3.5,8.248491704374058e-05,42432,nan,nan
cfar_custom_datasetv8__train10_guard4_nms7_zp2_nc64_looks1_mtd0,-40.5,2.818461291211033,9.070746966405554,32,32,1,106,31,0.03125,3.3125,7.806608220211161e-05,42432,0.11728982003140942,0.3110522822402437
cfar_custom_datasetv8__train10_guard4_nms7_zp2_nc64_looks1_mtd0,-39.0,4.480646752685012,9.50553269309506,32,32,2,123,30,0.0625,3.84375,9.058611425339367e-05,42432,0.18030808226666348,0.06939450010917594
cfar_custom_datasetv8__train10_guard4_nms7_zp2_nc64_looks1_mtd0,-37.5,5.848805989772927,10.135615481044477,32,32,3,114,29,0.09375,3.5625,8.395786199095023e-05,42432,0.08925219537439759,0.13120185017956232
cfar_custom_datasetv8__train10_guard4_nms7_zp2_nc64_looks1_mtd0,-36.0,7.462469808955113,11.103235842952383,32,32,14,125,18,0.4375,3.90625,9.205905920060332e-05,42432,0.0741264239649821,0.26330255386470913
cfar_custom_datasetv8__train10_guard4_nms7_zp2_nc64_looks1_mtd0,-34.5,9.063444778981731,12.103247786526982,32,32,20,116,12,0.625,3.625,8.543080693815987e-05,42432,0.08023034536871404,0.21412099102811716
cfar_custom_datasetv8__train10_guard4_nms7_zp2_nc64_looks1_mtd0,-33.0,10.34096680865231,12.587885340509846,32,32,26,101,6,0.8125,3.15625,7.438371983408747e-05,42432,0.09279704585439355,0.18368905976814884
cfar_custom_datasetv8__train10_guard4_nms7_zp2_nc64_looks1_mtd0,-31.5,12.700121319035208,14.557728032838616,32,32,31,118,1,0.96875,3.6875,8.690375188536954e-05,42432,0.06570933004049011,0.16648431373656827
cfar_custom_datasetv8__train10_guard4_nms7_zp2_nc64_looks1_mtd0,-30.0,13.682321400560602,15.729857716461254,32,32,32,109,0,1.0,3.40625,8.027549962292609e-05,42432,0.06730262152280991,0.1687768942244143
cfar_custom_datasetv8__train10_guard4_nms7_zp2_nc64_looks1_mtd0,-28.5,14.944120422181438,16.84219936568436,32,32,32,121,0,1.0,3.78125,8.911316930618401e-05,42432,0.06621903373559314,0.1695389132090884
cfar_custom_datasetv8__train10_guard4_nms7_zp2_nc64_looks1_mtd0,-27.0,16.901696221833234,18.72450928054737,32,32,32,114,0,1.0,3.5625,8.395786199095023e-05,42432,0.06009003941212003,0.14751417592714083
cfar_custom_datasetv8__train10_guard4_nms9_zp2_nc64_looks1_mtd0,-45.0,1.5330186910157486,9.34988486369088,32,32,1,128,31,0.03125,4.0,9.42684766214178e-05,42432,0.03353709974151542,0.10082131929955196
cfar_custom_datasetv8__train10_guard4_nms9_zp2_nc64_looks1_mtd0,-43.5,-4.353757229370373,9.08191810187503,32,32,0,118,32,0.0,3.6875,8.690375188536954e-05,42432,nan,nan
cfar_custom_datasetv8__train10_guard4_nms9_zp2_nc64_looks1_mtd0,-42.0,1.782855340485182,9.035623386353011,32,32,0,112,32,0.0,3.5,8.248491704374058e-05,42432,nan,nan
cfar_custom_datasetv8__train10_guard4_nms9_zp2_nc64_looks1_mtd0,-40.5,2.818461291211033,9.070746966405554,32,32,1,106,31,0.03125,3.3125,7.806608220211161e-05,42432,0.11728982003140942,0.3110522822402437
cfar_custom_datasetv8__train10_guard4_nms9_zp2_nc64_looks1_mtd0,-39.0,4.480646752685012,9.50553269309506,32,32,2,122,30,0.0625,3.8125,8.984964177978884e-05,42432,0.18030808226666348,0.06939450010917594
cfar_custom_datasetv8__train10_guard4_nms9_zp2_nc64_looks1_mtd0,-37.5,5.848805989772927,10.135615481044477,32,32,3,114,29,0.09375,3.5625,8.395786199095023e-05,42432,0.08925219537439759,0.13120185017956232
cfar_custom_datasetv8__train10_guard4_nms9_zp2_nc64_looks1_mtd0,-36.0,7.462469808955113,11.103235842952383,32,32,14,125,18,0.4375,3.90625,9.205905920060332e-05,42432,0.0741264239649821,0.26330255386470913
cfar_custom_datasetv8__train10_guard4_nms9_zp2_nc64_looks1_mtd0,-34.5,9.063444778981731,12.103247786526982,32,32,20,116,12,0.625,3.625,8.543080693815987e-05,42432,0.08023034536871404,0.21412099102811716
cfar_custom_datasetv8__train10_guard4_nms9_zp2_nc64_looks1_mtd0,-33.0,10.34096680865231,12.587885340509846,32,32,25,101,7,0.78125,3.15625,7.438371983408747e-05,42432,0.0671669533737267,0.1862383955274388
cfar_custom_datasetv8__train10_guard4_nms9_zp2_nc64_looks1_mtd0,-31.5,12.700121319035208,14.557728032838616,32,32,31,118,1,0.96875,3.6875,8.690375188536954e-05,42432,0.06570933004049011,0.16648431373656827
cfar_custom_datasetv8__train10_guard4_nms9_zp2_nc64_looks1_mtd0,-30.0,13.682321400560602,15.729857716461254,32,32,32,109,0,1.0,3.40625,8.027549962292609e-05,42432,0.06730262152280991,0.1687768942244143
cfar_custom_datasetv8__train10_guard4_nms9_zp2_nc64_looks1_mtd0,-28.5,14.944120422181438,16.84219936568436,32,32,32,121,0,1.0,3.78125,8.911316930618401e-05,42432,0.06621903373559314,0.1695389132090884
cfar_custom_datasetv8__train10_guard4_nms9_zp2_nc64_looks1_mtd0,-27.0,16.901696221833234,18.72450928054737,32,32,32,114,0,1.0,3.5625,8.395786199095023e-05,42432,0.06009003941212003,0.14751417592714083
cfar_custom_datasetv8__train10_guard4_nms15_zp2_nc64_looks1_mtd0,-45.0,1.5330186910157486,9.34988486369088,32,32,1,130,31,0.03125,4.0625,9.574142156862745e-05,42432,0.03353709974151542,0.10082131929955196
cfar_custom_datasetv8__train10_guard4_nms15_zp2_nc64_looks1_mtd0,-43.5,-4.353757229370373,9.08191810187503,32,32,0,119,32,0.0,3.71875,8.764022435897436e-05,42432,nan,nan
cfar_custom_datasetv8__train10_guard4_nms15_zp2_nc64_looks1_mtd0,-42.0,1.782855340485182,9.035623386353011,32,32,0,112,32,0.0,3.5,8.248491704374058e-05,42432,nan,nan
cfar_custom_datasetv8__train10_guard4_nms15_zp2_nc64_looks1_mtd0,-40.5,2.818461291211033,9.070746966405554,32,32,1,107,31,0.03125,3.34375,7.880255467571645e-05,42432,0.11728982003140942,0.3110522822402437
cfar_custom_datasetv8__train10_guard4_nms15_zp2_nc64_looks1_mtd0,-39.0,4.480646752685012,9.50553269309506,32,32,2,122,30,0.0625,3.8125,8.984964177978884e-05,42432,0.18030808226666348,0.06939450010917594
cfar_custom_datasetv8__train10_guard4_nms15_zp2_nc64_looks1_mtd0,-37.5,5.848805989772927,10.135615481044477,32,32,3,113,29,0.09375,3.53125,8.32213895173454e-05,42432,0.08925219537439759,0.13120185017956232
cfar_custom_datasetv8__train10_guard4_nms15_zp2_nc64_looks1_mtd0,-36.0,7.462469808955113,11.103235842952383,32,32,14,128,18,0.4375,4.0,9.42684766214178e-05,42432,0.0741264239649821,0.26330255386470913
cfar_custom_datasetv8__train10_guard4_nms15_zp2_nc64_looks1_mtd0,-34.5,9.063444778981731,12.103247786526982,32,32,20,116,12,0.625,3.625,8.543080693815987e-05,42432,0.08023034536871404,0.21412099102811716
cfar_custom_datasetv8__train10_guard4_nms15_zp2_nc64_looks1_mtd0,-33.0,10.34096680865231,12.587885340509846,32,32,25,101,7,0.78125,3.15625,7.438371983408747e-05,42432,0.0671669533737267,0.1862383955274388
cfar_custom_datasetv8__train10_guard4_nms15_zp2_nc64_looks1_mtd0,-31.5,12.700121319035208,14.557728032838616,32,32,31,119,1,0.96875,3.71875,8.764022435897436e-05,42432,0.06570933004049011,0.16648431373656827
cfar_custom_datasetv8__train10_guard4_nms15_zp2_nc64_looks1_mtd0,-30.0,13.682321400560602,15.729857716461254,32,32,32,109,0,1.0,3.40625,8.027549962292609e-05,42432,0.06730262152280991,0.1687768942244143
cfar_custom_datasetv8__train10_guard4_nms15_zp2_nc64_looks1_mtd0,-28.5,14.944120422181438,16.84219936568436,32,32,32,125,0,1.0,3.90625,9.205905920060332e-05,42432,0.06621903373559314,0.1695389132090884
cfar_custom_datasetv8__train10_guard4_nms15_zp2_nc64_looks1_mtd0,-27.0,16.901696221833234,18.72450928054737,32,32,32,115,0,1.0,3.59375,8.469433446455505e-05,42432,0.06009003941212003,0.14751417592714083
cfar_custom_datasetv8__train10_guard4_nms5_zp1_nc64_looks1_mtd0,-45.0,1.3890408412157786,9.312754815171074,32,32,2,137,30,0.0625,4.28125,0.00020209828172205438,21184,0.10020517824437125,0.23569666815079732
cfar_custom_datasetv8__train10_guard4_nms5_zp1_nc64_looks1_mtd0,-43.5,-5.29179193876409,8.853816483087828,32,32,0,137,32,0.0,4.28125,0.00020209828172205438,21184,nan,nan
cfar_custom_datasetv8__train10_guard4_nms5_zp1_nc64_looks1_mtd0,-42.0,0.8380809123472998,9.159820946186777,32,32,0,144,32,0.0,4.5,0.00021242447129909365,21184,nan,nan
cfar_custom_datasetv8__train10_guard4_nms5_zp1_nc64_looks1_mtd0,-40.5,2.686102703613797,8.74994568282755,32,32,0,124,32,0.0,3.875,0.00018292107250755286,21184,nan,nan
cfar_custom_datasetv8__train10_guard4_nms5_zp1_nc64_looks1_mtd0,-39.0,4.541642968041899,9.330019200911236,32,32,2,141,30,0.0625,4.40625,0.00020799896148036254,21184,0.18030808226666348,0.06939450010917594
cfar_custom_datasetv8__train10_guard4_nms5_zp1_nc64_looks1_mtd0,-37.5,5.483218354520991,9.910455321307332,32,32,5,124,27,0.15625,3.875,0.00018292107250755286,21184,0.1454431990459193,0.18553824116850473
cfar_custom_datasetv8__train10_guard4_nms5_zp1_nc64_looks1_mtd0,-36.0,7.226306234296194,10.702168830790718,32,32,16,154,16,0.5,4.8125,0.00022717617069486405,21184,0.11758766966662931,0.24077085969178022
cfar_custom_datasetv8__train10_guard4_nms5_zp1_nc64_looks1_mtd0,-34.5,8.91376811331507,11.725692534837972,32,32,25,147,7,0.78125,4.59375,0.00021684998111782478,21184,0.10698736304478182,0.21745238849654674
cfar_custom_datasetv8__train10_guard4_nms5_zp1_nc64_looks1_mtd0,-33.0,10.082293311465433,12.281613437320358,32,32,26,147,6,0.8125,4.59375,0.00021684998111782478,21184,0.07813385548764876,0.16885757411199562
cfar_custom_datasetv8__train10_guard4_nms5_zp1_nc64_looks1_mtd0,-31.5,12.502080311872996,14.359739730385677,32,32,31,143,1,0.96875,4.46875,0.00021094930135951662,21184,0.08103640036664411,0.16545963206161196
cfar_custom_datasetv8__train10_guard4_nms5_zp1_nc64_looks1_mtd0,-30.0,13.629267682554953,15.490992500488643,32,32,32,119,0,1.0,3.71875,0.00017554522280966768,21184,0.08892408904233617,0.1687768942244143
cfar_custom_datasetv8__train10_guard4_nms5_zp1_nc64_looks1_mtd0,-28.5,14.816460039106751,16.593310444674707,32,32,32,125,0,1.0,3.90625,0.00018439624244712992,21184,0.07850480151080064,0.1743688471908294
cfar_custom_datasetv8__train10_guard4_nms5_zp1_nc64_looks1_mtd0,-27.0,16.668253635164078,18.362065603560715,32,32,32,124,0,1.0,3.875,0.00018292107250755286,21184,0.07904334729803082,0.15212407447501858
cfar_custom_datasetv8__train10_guard4_nms5_zp4_nc64_looks1_mtd0,-45.0,1.9864100211021465,9.101456320464521,32,32,1,127,31,0.03125,3.96875,4.6730760173323284e-05,84928,0.03353709974151542,0.10082131929955196
cfar_custom_datasetv8__train10_guard4_nms5_zp4_nc64_looks1_mtd0,-43.5,-5.555442072845979,8.774415806812161,32,32,0,119,32,0.0,3.71875,4.378709024114544e-05,84928,nan,nan
cfar_custom_datasetv8__train10_guard4_nms5_zp4_nc64_looks1_mtd0,-42.0,0.8227964036292201,8.985288667626847,32,32,0,122,32,0.0,3.8125,4.489096646571213e-05,84928,nan,nan
cfar_custom_datasetv8__train10_guard4_nms5_zp4_nc64_looks1_mtd0,-40.5,2.91027822382391,9.036409854539954,32,32,0,113,32,0.0,3.53125,4.157933779201206e-05,84928,nan,nan
cfar_custom_datasetv8__train10_guard4_nms5_zp4_nc64_looks1_mtd0,-39.0,4.576159318359875,9.324363946448264,32,32,0,132,32,0.0,4.125,4.857055388093444e-05,84928,nan,nan
cfar_custom_datasetv8__train10_guard4_nms5_zp4_nc64_looks1_mtd0,-37.5,6.06494998359643,10.104116555907037,32,32,3,111,29,0.09375,3.46875,4.08434203089676e-05,84928,0.08731425294660264,0.16600379320930445
cfar_custom_datasetv8__train10_guard4_nms5_zp4_nc64_looks1_mtd0,-36.0,7.556345843545892,11.100778584879656,32,32,11,114,21,0.34375,3.5625,4.194729653353429e-05,84928,0.08148866868042562,0.20987299740174706
cfar_custom_datasetv8__train10_guard4_nms5_zp4_nc64_looks1_mtd0,-34.5,9.496804018635288,12.206124295425084,32,32,20,138,12,0.625,4.3125,5.077830633006782e-05,84928,0.08073830039552203,0.18499970110410532
cfar_custom_datasetv8__train10_guard4_nms5_zp4_nc64_looks1_mtd0,-33.0,10.430324590786896,12.671142478824319,32,32,23,109,9,0.71875,3.40625,4.010750282592313e-05,84928,0.056141657497739875,0.18651587442650944
cfar_custom_datasetv8__train10_guard4_nms5_zp4_nc64_looks1_mtd0,-31.5,12.646753260778299,14.651154830284348,32,32,31,137,1,0.96875,4.28125,5.041034758854559e-05,84928,0.06117385947176994,0.16648431373656827
cfar_custom_datasetv8__train10_guard4_nms5_zp4_nc64_looks1_mtd0,-30.0,13.89509286608254,15.859951866995626,32,32,32,122,0,1.0,3.8125,4.489096646571213e-05,84928,0.057910141088677605,0.1687768942244143
cfar_custom_datasetv8__train10_guard4_nms5_zp4_nc64_looks1_mtd0,-28.5,15.142534129074148,16.94227567999581,32,32,32,126,0,1.0,3.9375,4.636280143180106e-05,84928,0.050290859637361233,0.1695389132090884
cfar_custom_datasetv8__train10_guard4_nms5_zp4_nc64_looks1_mtd0,-27.0,17.01510826341547,18.805499956726596,32,32,32,128,0,1.0,4.0,4.709871891484552e-05,84928,0.04844374367306769,0.14751417592714083
cfar_custom_datasetv8__train10_guard4_nms5_zp2_nc32_looks1_mtd0,-45.0,-5.045035337625712,8.890832079301013,32,32,0,165,32,0.0,5.15625,0.00025087578455699897,20553,nan,nan
cfar_custom_datasetv8__train10_guard4_nms5_zp2_nc32_looks1_mtd0,-43.5,nan,8.735405526169176,32,32,0,166,32,0.0,5.1875,0.0002523962438573444,20553,nan,nan
cfar_custom_datasetv8__train10_guard4_nms5_zp2_nc32_looks1_mtd0,-42.0,-4.086874023463688,9.211823638264896,32,32,0,143,32,0.0,4.46875,0.00021742567994939913,20553,nan,nan
cfar_custom_datasetv8__train10_guard4_nms5_zp2_nc32_looks1_mtd0,-40.5,1.4817287405783444,9.050192959108749,32,32,1,158,31,0.03125,4.9375,0.00024023256945458085,20553,0.11728982003140942,0.3110522822402313
cfar_custom_datasetv8__train10_guard4_nms5_zp2_nc32_looks1_mtd0,-39.0,-0.15221743670724525,9.189479567492464,32,32,2,150,30,0.0625,4.6875,0.00022806889505181725,20553,0.1809574715758485,0.82270337458116
cfar_custom_datasetv8__train10_guard4_nms5_zp2_nc32_looks1_mtd0,-37.5,2.906656395970156,9.479645254676074,32,32,1,126,31,0.03125,3.9375,0.0001915778718435265,20553,0.19321376994208705,0.21749190398697849
cfar_custom_datasetv8__train10_guard4_nms5_zp2_nc32_looks1_mtd0,-36.0,4.90064310765649,9.560932069254878,32,32,2,146,30,0.0625,4.5625,0.00022198705785043545,20553,0.16981930323184147,0.2845585381178371
cfar_custom_datasetv8__train10_guard4_nms5_zp2_nc32_looks1_mtd0,-34.5,6.361275939741184,10.241100602329938,32,32,9,153,23,0.28125,4.78125,0.0002326302729528536,20553,0.09120507495437202,0.4474983382628012
cfar_custom_datasetv8__train10_guard4_nms5_zp2_nc32_looks1_mtd0,-33.0,7.893808162475774,10.954598585249803,32,32,15,146,17,0.46875,4.5625,0.00022198705785043545,20553,0.08260131494059465,0.3975280045151884
cfar_custom_datasetv8__train10_guard4_nms5_zp2_nc32_looks1_mtd0,-31.5,9.041194149331567,11.975852490807597,32,32,27,147,5,0.84375,4.59375,0.0002235075171507809,20553,0.10287057769721275,0.436862008343771
cfar_custom_datasetv8__train10_guard4_nms5_zp2_nc32_looks1_mtd0,-30.0,11.153642775899552,13.371115929012584,32,32,31,135,1,0.96875,4.21875,0.00020526200554663553,20553,0.11670382336931964,0.3344997375503215
cfar_custom_datasetv8__train10_guard4_nms5_zp2_nc32_looks1_mtd0,-28.5,11.636698709501989,14.042336510795948,32,32,32,160,0,1.0,5.0,0.00024327348805527175,20553,0.09184740890417424,0.3382238486363201
cfar_custom_datasetv8__train10_guard4_nms5_zp2_nc32_looks1_mtd0,-27.0,13.663997021548154,15.539387740972188,32,32,32,134,0,1.0,4.1875,0.00020374154624629008,20553,0.08164309227404044,0.30111784690934895
cfar_custom_datasetv8__train10_guard4_nms5_zp2_nc128_looks1_mtd0,-45.0,2.6477319321276003,9.494228473671813,32,32,2,116,30,0.0625,3.625,4.271540346907994e-05,84864,0.14213657407760047,0.31582191955120836
cfar_custom_datasetv8__train10_guard4_nms5_zp2_nc128_looks1_mtd0,-43.5,3.3659716107577986,9.387572753141583,32,32,0,125,32,0.0,3.90625,4.602952960030166e-05,84864,nan,nan
cfar_custom_datasetv8__train10_guard4_nms5_zp2_nc128_looks1_mtd0,-42.0,5.1891442508310455,9.85724277636079,32,32,2,118,30,0.0625,3.6875,4.345187594268477e-05,84864,0.03502034401722812,0.11130894118869684
cfar_custom_datasetv8__train10_guard4_nms5_zp2_nc128_looks1_mtd0,-40.5,6.682028316189951,10.51661628400836,32,32,6,134,26,0.1875,4.1875,4.934365573152338e-05,84864,0.13889880295667809,0.07259125073575155
cfar_custom_datasetv8__train10_guard4_nms5_zp2_nc128_looks1_mtd0,-39.0,8.461968679932355,11.377144926635225,32,32,12,126,20,0.375,3.9375,4.639776583710407e-05,84864,0.0625342900255689,0.09360687965409985
cfar_custom_datasetv8__train10_guard4_nms5_zp2_nc128_looks1_mtd0,-37.5,9.608183223131347,12.105656143263545,32,32,21,116,11,0.65625,3.625,4.271540346907994e-05,84864,0.10023965996173617,0.08049896728133164
cfar_custom_datasetv8__train10_guard4_nms5_zp2_nc128_looks1_mtd0,-36.0,10.15267108776953,12.75646993606106,32,32,26,101,6,0.8125,3.15625,3.719185991704374e-05,84864,0.10351029647131475,0.08160892671356056
cfar_custom_datasetv8__train10_guard4_nms5_zp2_nc128_looks1_mtd0,-34.5,12.628724071466293,14.65745401082138,32,32,31,151,1,0.96875,4.71875,5.56036717571644e-05,84864,0.08711301279440112,0.06931138236668269
cfar_custom_datasetv8__train10_guard4_nms5_zp2_nc128_looks1_mtd0,-33.0,13.998616761329064,15.814180797847865,32,32,32,116,0,1.0,3.625,4.271540346907994e-05,84864,0.08047440729672596,0.0684733238631614
cfar_custom_datasetv8__train10_guard4_nms5_zp2_nc128_looks1_mtd0,-31.5,15.73648332002753,17.47332015493268,32,32,32,130,0,1.0,4.0625,4.7870710784313725e-05,84864,0.06749218275568346,0.0697879174765158
cfar_custom_datasetv8__train10_guard4_nms5_zp2_nc128_looks1_mtd0,-30.0,17.039875835907367,18.751819564494966,32,32,32,145,0,1.0,4.53125,5.3394254336349925e-05,84864,0.06656944542902592,0.06631266375118984
cfar_custom_datasetv8__train10_guard4_nms5_zp2_nc128_looks1_mtd0,-28.5,18.58831514338853,20.284324376917365,32,32,32,111,0,1.0,3.46875,4.087422228506787e-05,84864,0.05448726682384095,0.06919501751547197
cfar_custom_datasetv8__train10_guard4_nms5_zp2_nc128_looks1_mtd0,-27.0,20.007629073554277,21.631153503447024,32,32,32,104,0,1.0,3.25,3.829656862745098e-05,84864,0.0474727163332474,0.06610884938667508
cfar_custom_datasetv8__train10_guard4_nms5_zp2_nc64_looks2_mtd0,-45.0,1.4213591489769375,6.961830983618714,32,32,2,137,30,0.0625,4.28125,0.00010089672888386123,42432,0.07405153633782799,0.0937599257153264
cfar_custom_datasetv8__train10_guard4_nms5_zp2_nc64_looks2_mtd0,-43.5,-1.8058091965973198,6.798462072373548,32,32,1,145,31,0.03125,4.53125,0.00010678850867269985,42432,0.13379709957245467,0.08796523000425616
cfar_custom_datasetv8__train10_guard4_nms5_zp2_nc64_looks2_mtd0,-42.0,1.7720317360496083,7.092986631183233,32,32,2,154,30,0.0625,4.8125,0.00011341676093514329,42432,0.07174812782262345,0.0757851123075353
cfar_custom_datasetv8__train10_guard4_nms5_zp2_nc64_looks2_mtd0,-40.5,3.685901617192729,7.238027752493615,32,32,4,146,28,0.125,4.5625,0.00010752498114630467,42432,0.10815486297297497,0.15202870370199906
cfar_custom_datasetv8__train10_guard4_nms5_zp2_nc64_looks2_mtd0,-39.0,4.785130833354555,8.00568881727924,32,32,11,151,21,0.34375,4.71875,0.0001112073435143288,42432,0.11170948019436534,0.20225974797889676
cfar_custom_datasetv8__train10_guard4_nms5_zp2_nc64_looks2_mtd0,-37.5,6.214668749017637,8.816758987649317,32,32,21,132,11,0.65625,4.125,9.72143665158371e-05,42432,0.11983978136700317,0.20241088097963564
cfar_custom_datasetv8__train10_guard4_nms5_zp2_nc64_looks2_mtd0,-36.0,7.640770755311971,9.668535392090796,32,32,27,153,5,0.84375,4.78125,0.00011268028846153847,42432,0.10329526438271108,0.2161093413345037
cfar_custom_datasetv8__train10_guard4_nms5_zp2_nc64_looks2_mtd0,-34.5,9.161533971799726,10.897783285559942,32,32,32,155,0,1.0,4.84375,0.00011415323340874812,42432,0.09853187757951463,0.17206791430381824
cfar_custom_datasetv8__train10_guard4_nms5_zp2_nc64_looks2_mtd0,-33.0,10.608993610724342,11.813312497041537,32,32,32,147,0,1.0,4.59375,0.0001082614536199095,42432,0.0718477857315123,0.1614106458979209
cfar_custom_datasetv8__train10_guard4_nms5_zp2_nc64_looks2_mtd0,-31.5,12.665773139544354,13.681702000746675,32,32,32,169,0,1.0,5.28125,0.00012446384803921568,42432,0.06611313582742338,0.15493424709578132
cfar_custom_datasetv8__train10_guard4_nms5_zp2_nc64_looks2_mtd0,-30.0,13.688072445370887,14.716838259606426,32,32,32,146,0,1.0,4.5625,0.00010752498114630467,42432,0.06028618872040214,0.15243048303142898
cfar_custom_datasetv8__train10_guard4_nms5_zp2_nc64_looks2_mtd0,-28.5,15.206772324499486,16.17675126475814,32,32,32,162,0,1.0,5.0625,0.0001193085407239819,42432,0.05321624990189348,0.16221905374211773
cfar_custom_datasetv8__train10_guard4_nms5_zp2_nc64_looks2_mtd0,-27.0,16.9705915728722,17.831079641550623,32,32,32,131,0,1.0,4.09375,9.647789404223227e-05,42432,0.05800163867477092,0.14584546376854013
cfar_custom_datasetv8__train10_guard4_nms5_zp2_nc64_looks4_mtd0,-45.0,0.49931904833818685,5.280834735537903,32,32,3,138,29,0.09375,4.3125,0.00010163320135746607,42432,0.06806246600735703,0.07938025659217016
cfar_custom_datasetv8__train10_guard4_nms5_zp2_nc64_looks4_mtd0,-43.5,-0.7959158489873942,5.039009028447026,32,32,0,139,32,0.0,4.34375,0.00010236967383107089,42432,nan,nan
cfar_custom_datasetv8__train10_guard4_nms5_zp2_nc64_looks4_mtd0,-42.0,1.7081365452405308,5.6642326140519685,32,32,5,155,27,0.15625,4.84375,0.00011415323340874812,42432,0.08609533934953996,0.1372541888064422
cfar_custom_datasetv8__train10_guard4_nms5_zp2_nc64_looks4_mtd0,-40.5,3.1501517619505526,6.034833927008263,32,32,13,137,19,0.40625,4.28125,0.00010089672888386123,42432,0.09533635813138765,0.20850281555867384
cfar_custom_datasetv8__train10_guard4_nms5_zp2_nc64_looks4_mtd0,-39.0,4.799440773638542,7.025790408543868,32,32,27,153,5,0.84375,4.78125,0.00011268028846153847,42432,0.10851109164607088,0.15312796977889429
cfar_custom_datasetv8__train10_guard4_nms5_zp2_nc64_looks4_mtd0,-37.5,6.4310986158144985,7.987972600900234,32,32,31,148,1,0.96875,4.625,0.00010899792609351433,42432,0.0973388442524005,0.1915700986726691
cfar_custom_datasetv8__train10_guard4_nms5_zp2_nc64_looks4_mtd0,-36.0,7.707065593617149,9.012258633733733,32,32,32,160,0,1.0,5.0,0.00011783559577677225,42432,0.076390082553879,0.1796352736361873
cfar_custom_datasetv8__train10_guard4_nms5_zp2_nc64_looks4_mtd0,-34.5,9.157107484705563,10.28448829089879,32,32,32,151,0,1.0,4.71875,0.0001112073435143288,42432,0.08206910663525514,0.1683373304291224
cfar_custom_datasetv8__train10_guard4_nms5_zp2_nc64_looks4_mtd0,-33.0,10.719351027786503,11.613667584921359,32,32,32,159,0,1.0,4.96875,0.00011709912330316742,42432,0.06383204172740718,0.157623509768541
cfar_custom_datasetv8__train10_guard4_nms5_zp2_nc64_looks4_mtd0,-31.5,12.723407858099726,13.314083156476148,32,32,32,167,0,1.0,5.21875,0.00012299090309200603,42432,0.04859502612955604,0.1525454441333095
cfar_custom_datasetv8__train10_guard4_nms5_zp2_nc64_looks4_mtd0,-30.0,13.74661949221231,14.426816385667143,32,32,32,168,0,1.0,5.25,0.00012372737556561085,42432,0.05794293969109822,0.15600918894423646
cfar_custom_datasetv8__train10_guard4_nms5_zp2_nc64_looks4_mtd0,-28.5,15.166241299843374,15.690215970313357,32,32,32,151,0,1.0,4.71875,0.0001112073435143288,42432,0.057152135731622485,0.14415047494172348
cfar_custom_datasetv8__train10_guard4_nms5_zp2_nc64_looks4_mtd0,-27.0,16.956338436658307,17.4188437467952,32,32,32,167,0,1.0,5.21875,0.00012299090309200603,42432,0.04791029432669855,0.1447895461219225
cfar_custom_datasetv8__train10_guard4_nms5_zp2_nc64_looks8_mtd0,-45.0,-0.08144255836845893,4.118266066478936,32,32,5,136,27,0.15625,4.25,0.00010016025641025641,42432,0.11075904077890471,0.1494076289437131
cfar_custom_datasetv8__train10_guard4_nms5_zp2_nc64_looks8_mtd0,-43.5,-0.4689902454890631,3.89062328047693,32,32,3,130,29,0.09375,4.0625,9.574142156862745e-05,42432,0.13884727036593583,0.1067366022796348
cfar_custom_datasetv8__train10_guard4_nms5_zp2_nc64_looks8_mtd0,-42.0,2.025462926651502,4.747244221784479,32,32,16,138,16,0.5,4.3125,0.00010163320135746607,42432,0.06667700732227351,0.1539322113086116
cfar_custom_datasetv8__train10_guard4_nms5_zp2_nc64_looks8_mtd0,-40.5,3.217759069433264,5.547510169594919,32,32,25,118,7,0.78125,3.6875,8.690375188536954e-05,42432,0.08107323000312762,0.18260403796996996
cfar_custom_datasetv8__train10_guard4_nms5_zp2_nc64_looks8_mtd0,-39.0,4.66083717068864,6.460587438920321,32,32,32,134,0,1.0,4.1875,9.868731146304676e-05,42432,0.0732472106130327,0.1582018236105008
cfar_custom_datasetv8__train10_guard4_nms5_zp2_nc64_looks8_mtd0,-37.5,6.239104848476659,7.489523369963864,32,32,32,144,0,1.0,4.5,0.00010605203619909503,42432,0.07343604294261862,0.17050741679330916
cfar_custom_datasetv8__train10_guard4_nms5_zp2_nc64_looks8_mtd0,-36.0,7.665823804943765,8.65760515693827,32,32,32,117,0,1.0,3.65625,8.616727941176471e-05,42432,0.056302166165118725,0.16364055692538165
cfar_custom_datasetv8__train10_guard4_nms5_zp2_nc64_looks8_mtd0,-34.5,9.188156315878107,9.93571855375114,32,32,32,129,0,1.0,4.03125,9.500494909502263e-05,42432,0.06758807599989658,0.14521103973731705
cfar_custom_datasetv8__train10_guard4_nms5_zp2_nc64_looks8_mtd0,-33.0,10.711134977399919,11.294044867618526,32,32,32,125,0,1.0,3.90625,9.205905920060332e-05,42432,0.05266870097547606,0.14584546376854013
cfar_custom_datasetv8__train10_guard4_nms5_zp2_nc64_looks8_mtd0,-31.5,12.589133293270876,13.020210875901672,32,32,32,140,0,1.0,4.375,0.00010310614630467572,42432,0.05027583177758272,0.14521103973731705
cfar_custom_datasetv8__train10_guard4_nms5_zp2_nc64_looks8_mtd0,-30.0,13.78766776815921,14.142663906762607,32,32,32,140,0,1.0,4.375,0.00010310614630467572,42432,0.0488969660100852,0.15343548351593037
cfar_custom_datasetv8__train10_guard4_nms5_zp2_nc64_looks8_mtd0,-28.5,15.263273315604309,15.587283725201408,32,32,32,116,0,1.0,3.625,8.543080693815987e-05,42432,0.04656441170594431,0.14991459758246467
cfar_custom_datasetv8__train10_guard4_nms5_zp2_nc64_looks8_mtd0,-27.0,16.880331709117527,17.17554939676924,32,32,32,133,0,1.0,4.15625,9.795083898944193e-05,42432,0.04601363639558795,0.14647028867246498
cfar_custom_datasetv8__train10_guard4_nms5_zp2_nc64_looks1_mtd1,-45.0,1.5330186910157486,9.34988486369088,32,32,0,126,32,0.0,3.9375,9.279553167420814e-05,42432,nan,nan
cfar_custom_datasetv8__train10_guard4_nms5_zp2_nc64_looks1_mtd1,-43.5,-4.353757229370373,9.08191810187503,32,32,0,118,32,0.0,3.6875,8.690375188536954e-05,42432,nan,nan
cfar_custom_datasetv8__train10_guard4_nms5_zp2_nc64_looks1_mtd1,-42.0,1.782855340485182,9.035623386353011,32,32,0,116,32,0.0,3.625,8.543080693815987e-05,42432,nan,nan
cfar_custom_datasetv8__train10_guard4_nms5_zp2_nc64_looks1_mtd1,-40.5,2.818461291211033,9.070746966405554,32,32,1,103,31,0.03125,3.21875,7.585666478129714e-05,42432,0.11728982003140942,0.3110522822402437
cfar_custom_datasetv8__train10_guard4_nms5_zp2_nc64_looks1_mtd1,-39.0,4.480646752685012,9.50553269309506,32,32,2,129,30,0.0625,4.03125,9.500494909502263e-05,42432,0.18030808226666348,0.06939450010917594
cfar_custom_datasetv8__train10_guard4_nms5_zp2_nc64_looks1_mtd1,-37.5,5.848805989772927,10.135615481044477,32,32,3,112,29,0.09375,3.5,8.248491704374058e-05,42432,0.08925219537439759,0.13120185017956232
cfar_custom_datasetv8__train10_guard4_nms5_zp2_nc64_looks1_mtd1,-36.0,7.462469808955113,11.103235842952383,32,32,12,121,20,0.375,3.78125,8.911316930618401e-05,42432,0.07719414816912253,0.27394564879174527
cfar_custom_datasetv8__train10_guard4_nms5_zp2_nc64_looks1_mtd1,-34.5,9.063444778981731,12.103247786526982,32,32,20,118,12,0.625,3.6875,8.690375188536954e-05,42432,0.07806398371230533,0.20794447934387855
cfar_custom_datasetv8__train10_guard4_nms5_zp2_nc64_looks1_mtd1,-33.0,10.34096680865231,12.587885340509846,32,32,23,105,9,0.71875,3.28125,7.732960972850678e-05,42432,0.06766400604863783,0.1873019764441384
cfar_custom_datasetv8__train10_guard4_nms5_zp2_nc64_looks1_mtd1,-31.5,12.700121319035208,14.557728032838616,32,32,28,116,4,0.875,3.625,8.543080693815987e-05,42432,0.06688024409968649,0.167846772111022
cfar_custom_datasetv8__train10_guard4_nms5_zp2_nc64_looks1_mtd1,-30.0,13.682321400560602,15.729857716461254,32,32,29,107,3,0.90625,3.34375,7.880255467571645e-05,42432,0.06856722132855025,0.17030841616328313
cfar_custom_datasetv8__train10_guard4_nms5_zp2_nc64_looks1_mtd1,-28.5,14.944120422181438,16.84219936568436,32,32,29,124,3,0.90625,3.875,9.132258672699849e-05,42432,0.06373026438155895,0.1711415465836116
cfar_custom_datasetv8__train10_guard4_nms5_zp2_nc64_looks1_mtd1,-27.0,16.901696221833234,18.72450928054737,32,32,29,121,3,0.90625,3.78125,8.911316930618401e-05,42432,0.06152188529990988,0.14691506909387847
cfar_numpy_go__train10_guard4_nms5_zp2_nc64_looks1_mtd0,-45.0,1.5330186910157486,9.34988486369088,32,32,1,127,31,0.03125,3.96875,9.395714962121212e-05,42240,0.03353709974151542,0.10082131929955196
cfar_numpy_go__train10_guard4_nms5_zp2_nc64_looks1_mtd0,-43.5,-4.353757229370373,9.08191810187503,32,32,0,119,32,0.0,3.71875,8.803858901515151e-05,42240,nan,nan
cfar_numpy_go__train10_guard4_nms5_zp2_nc64_looks1_mtd0,-42.0,1.782855340485182,9.035623386353011,32,32,0,112,32,0.0,3.5,8.285984848484849e-05,42240,nan,nan
cfar_numpy_go__train10_guard4_nms5_zp2_nc64_looks1_mtd0,-40.5,2.818461291211033,9.070746966405554,32,32,1,107,31,0.03125,3.34375,7.91607481060606e-05,42240,0.11728982003140942,0.3110522822402437
cfar_numpy_go__train10_guard4_nms5_zp2_nc64_looks1_mtd0,-39.0,4.480646752685012,9.50553269309506,32,32,2,125,30,0.0625,3.90625,9.247750946969697e-05,42240,0.18030808226666348,0.06939450010917594
cfar_numpy_go__train10_guard4_nms5_zp2_nc64_looks1_mtd0,-37.5,5.848805989772927,10.135615481044477,32,32,3,114,29,0.09375,3.5625,8.433948863636364e-05,42240,0.08925219537439759,0.13120185017956232
cfar_numpy_go__train10_guard4_nms5_zp2_nc64_looks1_mtd0,-36.0,7.462469808955113,11.103235842952383,32,32,14,125,18,0.4375,3.90625,9.247750946969697e-05,42240,0.0741264239649821,0.26330255386470913
cfar_numpy_go__train10_guard4_nms5_zp2_nc64_looks1_mtd0,-34.5,9.063444778981731,12.103247786526982,32,32,20,116,12,0.625,3.625,8.581912878787878e-05,42240,0.08023034536871404,0.21412099102811716
cfar_numpy_go__train10_guard4_nms5_zp2_nc64_looks1_mtd0,-33.0,10.34096680865231,12.587885340509846,32,32,26,99,6,0.8125,3.09375,7.32421875e-05,42240,0.09279704585439355,0.18368905976814884
cfar_numpy_go__train10_guard4_nms5_zp2_nc64_looks1_mtd0,-31.5,12.700121319035208,14.557728032838616,32,32,31,121,1,0.96875,3.78125,8.951822916666666e-05,42240,0.06570933004049011,0.16648431373656827
cfar_numpy_go__train10_guard4_nms5_zp2_nc64_looks1_mtd0,-30.0,13.682321400560602,15.729857716461254,32,32,32,109,0,1.0,3.40625,8.064038825757576e-05,42240,0.06730262152280991,0.1687768942244143
cfar_numpy_go__train10_guard4_nms5_zp2_nc64_looks1_mtd0,-28.5,14.944120422181438,16.84219936568436,32,32,32,121,0,1.0,3.78125,8.951822916666666e-05,42240,0.06621903373559314,0.1695389132090884
cfar_numpy_go__train10_guard4_nms5_zp2_nc64_looks1_mtd0,-27.0,16.901696221833234,18.72450928054737,32,32,32,115,0,1.0,3.59375,8.507930871212122e-05,42240,0.06009003941212003,0.14751417592714083
cfar_numpy_ca__train10_guard4_nms5_zp2_nc64_looks1_mtd0,-45.0,1.5330186910157486,9.34988486369088,32,32,1,129,31,0.03125,4.03125,9.543678977272728e-05,42240,0.03353709974151542,0.10082131929955196
cfar_numpy_ca__train10_guard4_nms5_zp2_nc64_looks1_mtd0,-43.5,-4.353757229370373,9.08191810187503,32,32,0,120,32,0.0,3.75,8.87784090909091e-05,42240,nan,nan
cfar_numpy_ca__train10_guard4_nms5_zp2_nc64_looks1_mtd0,-42.0,1.782855340485182,9.035623386353011,32,32,0,118,32,0.0,3.6875,8.729876893939395e-05,42240,nan,nan
cfar_numpy_ca__train10_guard4_nms5_zp2_nc64_looks1_mtd0,-40.5,2.818461291211033,9.070746966405554,32,32,1,113,31,0.03125,3.53125,8.359966856060606e-05,42240,0.11728982003140942,0.3110522822402437
cfar_numpy_ca__train10_guard4_nms5_zp2_nc64_looks1_mtd0,-39.0,4.480646752685012,9.50553269309506,32,32,2,129,30,0.0625,4.03125,9.543678977272728e-05,42240,0.18030808226666348,0.06939450010917594
cfar_numpy_ca__train10_guard4_nms5_zp2_nc64_looks1_mtd0,-37.5,5.848805989772927,10.135615481044477,32,32,3,113,29,0.09375,3.53125,8.359966856060606e-05,42240,0.08925219537439759,0.13120185017956232
cfar_numpy_ca__train10_guard4_nms5_zp2_nc64_looks1_mtd0,-36.0,7.462469808955113,11.103235842952383,32,32,14,135,18,0.4375,4.21875,9.987571022727273e-05,42240,0.0741264239649821,0.26330255386470913
cfar_numpy_ca__train10_guard4_nms5_zp2_nc64_looks1_mtd0,-34.5,9.063444778981731,12.103247786526982,32,32,22,124,10,0.6875,3.875,9.173768939393939e-05,42240,0.07668148237522379,0.20505541715157588
cfar_numpy_ca__train10_guard4_nms5_zp2_nc64_looks1_mtd0,-33.0,10.34096680865231,12.587885340509846,32,32,25,109,7,0.78125,3.40625,8.064038825757576e-05,42240,0.0671669533737267,0.1862383955274388
cfar_numpy_ca__train10_guard4_nms5_zp2_nc64_looks1_mtd0,-31.5,12.700121319035208,14.557728032838616,32,32,31,120,1,0.96875,3.75,8.87784090909091e-05,42240,0.06570933004049011,0.16648431373656827
cfar_numpy_ca__train10_guard4_nms5_zp2_nc64_looks1_mtd0,-30.0,13.682321400560602,15.729857716461254,32,32,32,118,0,1.0,3.6875,8.729876893939395e-05,42240,0.06730262152280991,0.1687768942244143
cfar_numpy_ca__train10_guard4_nms5_zp2_nc64_looks1_mtd0,-28.5,14.944120422181438,16.84219936568436,32,32,32,130,0,1.0,4.0625,9.617660984848484e-05,42240,0.06621903373559314,0.1695389132090884
cfar_numpy_ca__train10_guard4_nms5_zp2_nc64_looks1_mtd0,-27.0,16.901696221833234,18.72450928054737,32,32,32,133,0,1.0,4.15625,9.839607007575757e-05,42240,0.06009003941212003,0.14751417592714083
cfar_numpy_so__train10_guard4_nms5_zp2_nc64_looks1_mtd0,-45.0,1.5330186910157486,9.34988486369088,32,32,2,138,30,0.0625,4.3125,0.00010209517045454545,42240,0.09549786216953528,0.07252934243769721
cfar_numpy_so__train10_guard4_nms5_zp2_nc64_looks1_mtd0,-43.5,-4.353757229370373,9.08191810187503,32,32,0,134,32,0.0,4.1875,9.913589015151515e-05,42240,nan,nan
cfar_numpy_so__train10_guard4_nms5_zp2_nc64_looks1_mtd0,-42.0,1.782855340485182,9.035623386353011,32,32,0,124,32,0.0,3.875,9.173768939393939e-05,42240,nan,nan
cfar_numpy_so__train10_guard4_nms5_zp2_nc64_looks1_mtd0,-40.5,2.818461291211033,9.070746966405554,32,32,1,117,31,0.03125,3.65625,8.655894886363637e-05,42240,0.11728982003140942,0.3110522822402437
cfar_numpy_so__train10_guard4_nms5_zp2_nc64_looks1_mtd0,-39.0,4.480646752685012,9.50553269309506,32,32,2,127,30,0.0625,3.96875,9.395714962121212e-05,42240,0.18030808226666348,0.06939450010917594
cfar_numpy_so__train10_guard4_nms5_zp2_nc64_looks1_mtd0,-37.5,5.848805989772927,10.135615481044477,32,32,3,113,29,0.09375,3.53125,8.359966856060606e-05,42240,0.08925219537439759,0.13120185017956232
cfar_numpy_so__train10_guard4_nms5_zp2_nc64_looks1_mtd0,-36.0,7.462469808955113,11.103235842952383,32,32,14,134,18,0.4375,4.1875,9.913589015151515e-05,42240,0.0741264239649821,0.26330255386470913
cfar_numpy_so__train10_guard4_nms5_zp2_nc64_looks1_mtd0,-34.5,9.063444778981731,12.103247786526982,32,32,21,127,11,0.65625,3.96875,9.395714962121212e-05,42240,0.07840733453769726,0.20900125866342892
cfar_numpy_so__train10_guard4_nms5_zp2_nc64_looks1_mtd0,-33.0,10.34096680865231,12.587885340509846,32,32,26,104,6,0.8125,3.25,7.694128787878787e-05,42240,0.09279704585439355,0.18368905976814884
cfar_numpy_so__train10_guard4_nms5_zp2_nc64_looks1_mtd0,-31.5,12.700121319035208,14.557728032838616,32,32,31,125,1,0.96875,3.90625,9.247750946969697e-05,42240,0.06570933004049011,0.16648431373656827
cfar_numpy_so__train10_guard4_nms5_zp2_nc64_looks1_mtd0,-30.0,13.682321400560602,15.729857716461254,32,32,32,116,0,1.0,3.625,8.581912878787878e-05,42240,0.06730262152280991,0.1687768942244143
cfar_numpy_so__train10_guard4_nms5_zp2_nc64_looks1_mtd0,-28.5,14.944120422181438,16.84219936568436,32,32,32,136,0,1.0,4.25,0.0001006155303030303,42240,0.06621903373559314,0.1695389132090884
cfar_numpy_so__train10_guard4_nms5_zp2_nc64_looks1_mtd0,-27.0,16.901696221833234,18.72450928054737,32,32,32,121,0,1.0,3.78125,8.951822916666666e-05,42240,0.06009003941212003,0.14751417592714083
